Sample ID	Log-likelihood ratio	Predicted tumor burden	Predicted sample class
Breast-GC1002975	0.0010627397654239413	0.41	colorectal cancer
Breast-GC1002976	0.0014073049494654037	0.5	colorectal cancer
Breast-GC1002977	4.608080086329028E-4	0.01	ovarian cancer
Breast-GC1002978	0.0030048154759535445	0.42	ovarian cancer
Breast-GC1002979	8.240594890949134E-4	0.21	ovarian cancer
Breast-GC1002980	6.516943086531245E-4	0.01	breast cancer
Breast-GC1002981	9.053866711247111E-4	0.41	colorectal cancer
Breast-GC1003967	7.262353098057271E-4	0.17	ovarian cancer
Breast-GC1003968	8.186917073165466E-4	0.23	colorectal cancer
Breast-GC1003970	3.844057598455795E-4	0.13	ovarian cancer
Breast-GC1003971	0.0010112241835447718	0.21	ovarian cancer
Breast-GC1003972	7.543563287418302E-4	0.21	ovarian cancer
Breast-GC1003974	6.942443465889988E-4	0.17	ovarian cancer
Breast-GC1002311	6.736227681931248E-4	0.23	colorectal cancer
Breast-GC1004006	3.956142637727007E-4	0.23	colorectal cancer
Breast-GC1004007	5.382058096859145E-4	0.17	ovarian cancer
Breast-GC1004008	5.808717588321905E-4	0.01	breast cancer
Breast-GC1004009	8.199383114014244E-4	0.23	ovarian cancer
Breast-GC110693	5.102458623014545E-4	0.01	breast cancer
Breast-GC110694	7.875386872889256E-4	0.23	colorectal cancer
Breast-GC110695	4.843328783765252E-4	0.23	ovarian cancer
Breast-GC110696	5.470102920974554E-4	0.01	breast cancer
Breast-GC116960	9.45187011200043E-4	0.21	ovarian cancer
Breast-GC116963	3.945049882317718E-4	0.01	breast cancer
Breast-GC116964	4.577745905945959E-4	0.01	breast cancer
Breast-GC116965	9.023905590355078E-4	0.17	ovarian cancer
Breast-GC116966	7.011274117065738E-4	0.1	ovarian cancer
Breast-GC116967	8.864337662239431E-4	0.21	ovarian cancer
Breast-GC116968	6.565072376801065E-4	0.23	colorectal cancer
Breast-GC116969	9.104429586918345E-4	0.41	colorectal cancer
Breast-GC116970	9.025487769447844E-4	0.48	colorectal cancer
Breast-GC116971	6.218350757953642E-4	0.17	ovarian cancer
Breast-GC110676	5.853181388501523E-4	0.23	colorectal cancer
Breast-GC110678	8.713673290710089E-4	0.41	colorectal cancer
Breast-GC110679	0.001910506508055582	0.23	breast cancer
Breast-GC110680	5.671424383973296E-4	0.23	colorectal cancer
Breast-GC110681	6.503629657403681E-4	0.41	ovarian cancer
Breast-GC110682	6.721643068831938E-4	0.23	ovarian cancer
Breast-GC110683	9.618903964876815E-4	0.23	ovarian cancer
Breast-GC110684	7.319118536961269E-4	0.23	colorectal cancer
Breast-GC110685	0.0010780074648158412	0.41	colorectal cancer
Ovarian-GC110686	5.212077062262181E-4	0.17	ovarian cancer
Ovarian-GC114179	6.658152764619922E-4	0.11	ovarian cancer
Ovarian-GC114180	7.046317180738117E-4	0.12	ovarian cancer
Ovarian-GC114181	0.0011406928850963313	0.23	breast cancer
Ovarian-GC114182	9.652137066807682E-4	0.53	ovarian cancer
Ovarian-GC116977	7.024116783589743E-4	0.41	colorectal cancer
Ovarian-GC116979	0.0014265798250317004	0.36	ovarian cancer
Ovarian-GC116982	0.0012418737692641065	0.23	ovarian cancer
Ovarian-GC116990	6.616264936663679E-4	0.01	breast cancer
Ovarian-GC119363	0.001308895488293763	0.23	ovarian cancer
Ovarian-GC119364	5.904859978422947E-4	0.16	colorectal cancer
Ovarian-GC119365	7.031192473219269E-4	0.6	ovarian cancer
Ovarian-GC119366	0.0013296413046763132	0.23	breast cancer
Colorectal-GC121326	7.036034112517907E-4	0.23	colorectal cancer
Colorectal-GC121327	0.001469677317233413	0.23	colorectal cancer
Colorectal-GC121328	5.73879363900468E-4	0.22	ovarian cancer
Colorectal-GC121329	0.001645012310851541	0.5	colorectal cancer
Colorectal-GC121330	8.828376096889852E-4	0.41	breast cancer
Colorectal-GC1003994	9.608203397394269E-4	0.23	ovarian cancer
Colorectal-GC1003995	0.00269684347205295	0.58	colorectal cancer
Colorectal-GC1003996	8.411425703692919E-4	0.23	colorectal cancer
Colorectal-GC1003997	4.960217172051078E-4	0.01	colorectal cancer
Colorectal-GC1003998	7.118432908841071E-4	0.23	colorectal cancer
Colorectal-GC1003999	5.786134257022013E-4	0.21	breast cancer
Colorectal-GC1004000	0.0029596671817610485	0.74	colorectal cancer
Colorectal-GC1004001	5.377215827880516E-4	0.13	ovarian cancer
Colorectal-GC1004002	5.750754064295237E-4	0.15	ovarian cancer
Colorectal-GC1004003	6.248632315561882E-4	0.41	colorectal cancer
Colorectal-GC137538	3.3723234275794337E-4	0.18	ovarian cancer
Colorectal-GC137539	6.46383984109571E-4	0.41	colorectal cancer
Colorectal-GC137540	5.612057779481973E-4	0.01	breast cancer
Colorectal-GC137541	8.891152699655857E-4	0.41	colorectal cancer
Colorectal-GC137542	3.041368153500842E-4	0.01	colorectal cancer
Colorectal-GC137543	9.207524740618215E-4	0.41	colorectal cancer
Colorectal-GC137544	3.923812133068295E-4	0.01	cervical cancer
Colorectal-GC137545	3.3399581050496557E-4	0.01	colorectal cancer
Colorectal-GC137546	5.056047917785252E-4	0.11	ovarian cancer
Colorectal-GC137547	6.323989661138538E-4	0.15	ovarian cancer
Colorectal-GC137548	5.473421685679499E-4	0.17	ovarian cancer
Colorectal-GC137549	0.001358967605761682	0.5	colorectal cancer
Colorectal-GC137550	5.632603343785604E-4	0.01	breast cancer
Colorectal-GC137551	7.213386076141832E-4	0.23	colorectal cancer
Colorectal-GC137552	4.6763356842311035E-4	0.17	ovarian cancer
Colorectal-GC137553	6.732017335408622E-4	0.41	colorectal cancer
Colorectal-GC137554	7.311148591208303E-4	0.41	colorectal cancer
Colorectal-GC137555	6.130581587832286E-4	0.01	colorectal cancer
Colorectal-GC137556	9.21507462050876E-4	0.15	ovarian cancer
Colorectal-GC137557	1.6321920556782232E-4	0.07	ovarian cancer
Cervical-GC1002983	0.0010342214109795823	0.5	colorectal cancer
Cervical-GC1002984	6.163480783018273E-4	0.11	ovarian cancer
Cervical-GC114187	5.5836337438701E-4	0.01	breast cancer
Cervical-GC114188	9.77649998053846E-4	0.17	ovarian cancer
Control-GC1003986	4.277951085322328E-4	0.01	breast cancer
Control-GC1003988	2.564223552924323E-4	0.23	colorectal cancer
Control-GC110675	5.105762948065633E-4	0.01	breast cancer
Control-GC112864	5.693836421934838E-4	0.25	ovarian cancer
Control-GC112894	0.0013043783917853385	0.58	colorectal cancer
Control-GC112895	8.022666402226195E-4	0.41	colorectal cancer
Control-GC112897	7.356012747988097E-4	0.17	ovarian cancer
Control-GC119350	3.7585859437372436E-4	0.01	breast cancer
Control-GC119351	7.186750244682616E-4	0.41	colorectal cancer
Control-GC119352	6.289560359333425E-4	0.13	ovarian cancer
Control-GC119353	0.0012386769444258582	0.25	ovarian cancer
Control-GC119354	6.33233297616724E-4	0.17	ovarian cancer
Control-GC119356	5.770521161318975E-4	0.41	colorectal cancer
Control-GRP-GC114128	3.512162835553256E-4	0.01	colorectal cancer
Control-GRP-GC114130	6.633222318513283E-4	0.1	ovarian cancer
Control-GRP-GC114131	5.372602123112829E-4	0.15	ovarian cancer
Control-GRP-GC114132	7.718147583264092E-4	0.41	colorectal cancer
Control-GRP-GC114133	4.974491142807816E-4	0.01	breast cancer
Control-GRP-GC114134	4.3275077613362013E-4	0.11	ovarian cancer
Control-GRP-GC114136	9.127128768230997E-4	0.23	colorectal cancer
Control-GRP-GC114137	4.766874823160162E-4	0.01	breast cancer
Control-GRP-GC114139	2.564143035700726E-4	0.14	ovarian cancer
Control-GRP-GC114140	4.2048420182450177E-4	0.21	ovarian cancer
Control-GRP-GC114141	5.440054192928505E-4	0.41	colorectal cancer
Control-GRP-GC114142	6.910812107824792E-4	0.23	colorectal cancer
Control-GRP-GC114183	4.521306803810605E-4	0.01	breast cancer
Control-GRP-GC114185	6.70014393573962E-4	0.41	colorectal cancer
Control-GRP-GC114186	7.829761334999942E-4	0.17	ovarian cancer
Control-GRP-GC118464	6.956952676888359E-4	0.15	ovarian cancer
Control-GRP-GC118466	7.612125266417213E-4	0.1	ovarian cancer
Control-GRP-GC118474	0.00352844216867832	0.23	colorectal cancer
Control-GRP-GC118476	6.844711042131246E-4	0.14	ovarian cancer
Control-GRP-GC118478	4.1811533934492466E-4	0.01	breast cancer
Control-GRP-GC118484	3.4472428722145563E-4	0.01	colorectal cancer
Control-GRP-GC118485	6.519951102260586E-4	0.01	breast cancer
Control-GRP-GC118486	4.542796276341877E-4	0.01	ovarian cancer
Control-GRP-GC118489	8.581577807332588E-4	0.14	ovarian cancer
Control-GRP-GC118490	6.67045834050461E-4	0.41	colorectal cancer
Control-GRP-GC118491	7.659411443146646E-4	0.23	colorectal cancer
Control-GRP-GC118494	5.983341412136363E-4	0.1	ovarian cancer
Control-GRP-GC118496	6.394728055314626E-4	0.11	ovarian cancer
Control-GRP-GC118497	6.308282146437384E-4	0.01	breast cancer
Control-GRP-GC118499	7.395843219302409E-4	0.01	breast cancer
Control-GRP-GC119340	6.05123097780772E-4	0.01	breast cancer
Control-GRP-GC119343	6.30362181186218E-4	0.01	cervical cancer
Control-GRP-GC119367	5.413714724201466E-4	0.41	colorectal cancer
Control-GRP-GC119369	4.104531456564739E-4	0.01	breast cancer
Control-GRP-GC119370	5.144981306937214E-4	0.13	ovarian cancer
Control-GRP-GC119374	5.389591447370436E-4	0.01	breast cancer
Control-GRP-GC119375	7.262211764452034E-4	0.17	ovarian cancer
Control-GRP-GC119377	6.21931934274406E-4	0.21	colorectal cancer
Control-GRP-GC119383	6.558549937383207E-4	0.1	ovarian cancer
Control-GRP-GC119384	5.37125280637039E-4	0.01	breast cancer
Control-GRP-GC119386	0.00137943532806692	0.23	colorectal cancer
Control-GRP-GC119388	6.704503838224626E-4	0.01	breast cancer
Control-GRP-GC119389	9.294468409849227E-4	0.11	ovarian cancer
Control-GRP-GC119390	0.0010266882366249475	0.23	colorectal cancer
Control-GRP-GC119391	5.542420538551744E-4	0.21	colorectal cancer
Control-GRP-GC119394	4.7031343983914274E-4	0.01	breast cancer
Control-GRP-GC119395	8.098371624260201E-4	0.17	ovarian cancer
Control-GRP-GC119397	7.754598740607216E-4	0.13	ovarian cancer
Control-GRP-GC119398	6.212565610818908E-4	0.01	breast cancer
Control-GRP-GC119399	8.342084654479046E-4	0.13	ovarian cancer
Control-GRP-GC119400	7.507210970628861E-4	0.23	colorectal cancer
Control-GRP-GC119401	4.6504084831893496E-4	0.01	breast cancer
Control-GRP-GC119402	8.501421744879689E-4	0.41	colorectal cancer
Control-GRP-GC119403	7.195187299039817E-4	0.1	ovarian cancer
Control-GRP-GC119405	8.53382265920317E-4	0.41	colorectal cancer
Control-GRP-GC119410	6.62194626646448E-4	0.11	ovarian cancer
Control-GRP-GC119411	3.777076927313682E-4	0.15	ovarian cancer
Control-GRP-GC119415	4.96445555922771E-4	0.01	ovarian cancer
Control-GRP-GC119416	7.550827059104663E-4	0.17	ovarian cancer
Control-GRP-GC119417	7.032068757073845E-4	0.12	ovarian cancer
Control-GRP-GC119419	6.067650480428384E-4	0.23	colorectal cancer
Control-GRP-GC119420	7.712826325564263E-4	0.13	ovarian cancer
Control-GRP-GC119421	3.2076780037608454E-4	0.17	ovarian cancer
Control-GRP-GC119422	5.014540902768132E-4	0.01	breast cancer
Control-GRP-GC119426	8.879859413151781E-4	0.18	ovarian cancer
Control-GRP-GC119430	7.388579233450897E-4	0.14	ovarian cancer
Control-GRP-GC121331	4.6031713017229446E-4	0.16	colorectal cancer
Control-GRP-GC121332	6.787034635044601E-4	0.17	ovarian cancer
Control-GRP-GC121336	3.261315085885551E-4	0.01	ovarian cancer
Control-GRP-GC121337	4.57392017267256E-4	0.13	ovarian cancer
Control-GRP-GC121338	4.782710366011888E-4	0.01	colorectal cancer
Control-GRP-GC121339	5.145438519003498E-4	0.01	breast cancer
Control-GRP-GC121340	5.134429255079969E-4	0.15	ovarian cancer
Control-GRP-GC121341	4.996106970597038E-4	0.01	breast cancer
Control-GRP-GC121342	7.347689426852872E-4	0.15	ovarian cancer
Control-GRP-GC121343	8.031196917439616E-4	0.21	ovarian cancer
Control-GRP-GC121346	3.710157331848748E-4	0.01	breast cancer
Control-GRP-GC121347	5.184405441904853E-4	0.23	colorectal cancer
Control-GRP-GC121348	4.5200161749182406E-4	0.01	breast cancer
Control-GRP-GC121349	4.687557707752818E-4	0.01	cervical cancer
gDNA-Breast-GC1002316	0.004264147805957911	0.6	breast cancer
gDNA-Breast-GC1003962	0.002876430600120988	0.8	breast cancer
gDNA-Breast-GC1003963	0.005058442888236785	0.88	breast cancer
gDNA-Breast-GC1003965	0.004634730817544317	0.76	breast cancer
gDNA-Breast-GC1003966	0.004662365876654944	0.87	breast cancer
gDNA-Cervical-GC112877	0.0	0	normal
gDNA-Cervical-GC112878	0.002319531288786169	0.49	cervical cancer
gDNA-Cervical-GC112880	0.001412080984474202	0.99	colorectal cancer
gDNA-Cervical-GC112881	0.0	0	normal
gDNA-Cervical-GC112882	0.005055969632216677	0.58	cervical cancer
gDNA-Cervical-GC112883	8.402930534928576E-4	0.36	ovarian cancer
gDNA-Colorectal-GC112876	0.003195680231885715	0.73	colorectal cancer
gDNA-Colorectal-GC119345	0.0	0	normal
gDNA-Colorectal-GC119346	0.004008064497197657	0.81	colorectal cancer
gDNA-Colorectal-GC119347	0.0028675291919802487	0.85	colorectal cancer
gDNA-Colorectal-GC119348	0.0044143628976971005	0.8	colorectal cancer
gDNA-Colorectal-GC119349	0.002328921780329425	0.65	breast cancer
gDNA-Ovarian-GC112879	0.0020030120411280465	0.41	breast cancer
gDNA-Ovarian-GC119433	0.0010928346718285682	0.67	breast cancer
gDNA-Ovarian-GC119434	0.0018092944777497808	0.54	breast cancer
gDNA-WBC-GC131344	3.848128524693753E-4	0.01	cervical cancer
gDNA-WBC-GC131345	0.001211754255171564	0.23	colorectal cancer
gDNA-WBC-GC131346	6.70159150974531E-4	0.22	colorectal cancer
gDNA-WBC-GC131347	4.821269891922277E-4	0.01	cervical cancer
gDNA-WBC-GC131348	6.173759478325728E-4	0.09	cervical cancer
gDNA-WBC-GC131349	4.722112522846687E-4	0.22	colorectal cancer
gDNA-WBC-GC131350	4.7835897505150017E-4	0.01	breast cancer
gDNA-WBC-GC131351	5.472674086537116E-4	0.21	colorectal cancer
gDNA-WBC-GC131352	4.3547830486917645E-4	0.15	ovarian cancer
gDNA-WBC-GC131353	8.200177709995783E-4	0.23	colorectal cancer
gDNA-WBC-GC131354	6.935069780178065E-4	0.23	colorectal cancer
gDNA-WBC-GC131355	4.5756619823377414E-4	0.23	colorectal cancer
Br62_rep5_Dep6_Tu0.5	3.3344834135669364E-4	0.11	ovarian cancer
Br62_rep5_Dep6_Tu3	7.435575124415763E-4	0.17	colorectal cancer
Br62_rep6_Dep6_Tu30	0.00169764948767406	0.41	breast cancer
Br62_rep7_Dep6_Tu20	0.0011771551937526886	0.41	breast cancer
Br62_rep2_Dep6_Tu40	0.0024454163803216125	0.41	breast cancer
Br62_rep8_Dep6_Tu0.5	1.472637156196236E-4	0.01	colorectal cancer
Br62_rep5_Dep6_Tu2	1.415259712748595E-4	0.21	ovarian cancer
Br62_rep4_Dep6_Tu50	0.0018080412084351613	0.5	breast cancer
Br62_rep8_Dep6_Tu40	0.0019097128472956271	0.41	breast cancer
Br62_rep7_Dep6_Tu2	0.0	0	normal
Br62_rep9_Dep6_Tu40	0.0023526808185172932	0.41	breast cancer
Br62_rep10_Dep6_Tu2	3.143547848261201E-4	0.16	colorectal cancer
Br62_rep6_Dep6_Tu10	8.385009584639272E-4	0.23	colorectal cancer
Br62_rep2_Dep6_Tu2	2.4382333468663916E-4	0.12	colorectal cancer
Br62_rep9_Dep6_Tu5	5.370335059607509E-4	0.23	colorectal cancer
Br62_rep6_Dep6_Tu40	0.0012443247302965292	0.41	breast cancer
Br62_rep4_Dep6_Tu20	0.001117561765905652	0.41	colorectal cancer
Br62_rep9_Dep6_Tu1	3.2964711696786944E-4	0.16	colorectal cancer
Br62_rep1_Dep6_Tu0.3	3.792136355527109E-4	0.01	colorectal cancer
Br62_rep3_Dep6_Tu5	6.41399392859422E-4	0.21	colorectal cancer
Br62_rep9_Dep6_Tu50	0.0020309450791858095	0.47	breast cancer
Br62_rep5_Dep6_Tu30	0.0011357930325476325	0.41	breast cancer
Br62_rep9_Dep6_Tu0.5	3.311950133708007E-4	0.01	colorectal cancer
Br62_rep1_Dep6_Tu20	0.0012794498199875997	0.34	breast cancer
Br62_rep4_Dep6_Tu2	3.6997429538061777E-4	0.01	colorectal cancer
Br62_rep8_Dep6_Tu3	6.466306043019627E-4	0.16	colorectal cancer
Br62_rep2_Dep6_Tu5	8.375097371378451E-4	0.23	colorectal cancer
Br62_rep2_Dep6_Tu1	2.988419798626311E-4	0.01	breast cancer
Br62_rep8_Dep6_Tu1	2.8139305528884697E-4	0.01	colorectal cancer
Br62_rep10_Dep6_Tu0.1	2.872503113138992E-4	0.01	breast cancer
Br62_rep3_Dep6_Tu40	0.0018310904639192171	0.41	breast cancer
Br62_rep8_Dep6_Tu0.3	3.578631820224888E-4	0.01	colorectal cancer
Br62_rep4_Dep6_Tu0.5	3.7575990040046646E-4	0.01	colorectal cancer
Br62_rep6_Dep6_Tu50	0.0022977614893189427	0.41	breast cancer
Br62_rep7_Dep6_Tu0.1	3.037804008593177E-4	0.01	colorectal cancer
Br62_rep9_Dep6_Tu30	0.0015426375556008092	0.41	breast cancer
Br62_rep6_Dep6_Tu20	7.189784899775632E-4	0.34	breast cancer
Br62_rep5_Dep6_Tu5	6.546808709567392E-4	0.21	colorectal cancer
Br62_rep4_Dep6_Tu40	0.0015350022573164858	0.53	breast cancer
Br62_rep8_Dep6_Tu0.1	2.411738350469222E-4	0.01	breast cancer
Br62_rep1_Dep6_Tu40	0.0018165022274619772	0.4	breast cancer
Br62_rep3_Dep6_Tu30	0.0013845337795636366	0.43	breast cancer
Br62_rep7_Dep6_Tu0.5	3.3866205186143164E-4	0.01	colorectal cancer
Br62_rep1_Dep6_Tu10	0.001055265329536005	0.23	colorectal cancer
Br62_rep10_Dep6_Tu20	0.0010145332376330697	0.38	breast cancer
Br62_rep1_Dep6_Tu5	1.3997492087480652E-4	0.17	breast cancer
Br62_rep3_Dep6_Tu50	0.0024296059489639327	0.41	breast cancer
Br62_rep1_Dep6_Tu3	5.898738876180394E-4	0.14	colorectal cancer
Br62_rep7_Dep6_Tu30	0.0016149551567157295	0.43	breast cancer
Br62_rep6_Dep6_Tu1	3.59136734759154E-4	0.15	colorectal cancer
Br62_rep1_Dep6_Tu0.5	3.7561799355649507E-4	0.01	colorectal cancer
Br62_rep1_Dep6_Tu0.1	3.099664174589877E-4	0.01	breast cancer
Br62_rep9_Dep6_Tu3	4.215513375063505E-4	0.25	ovarian cancer
Br62_rep5_Dep6_Tu40	0.0015822806839495749	0.48	breast cancer
Br62_rep10_Dep6_Tu3	0.0	0	normal
Br62_rep2_Dep6_Tu0.3	3.0551240420624933E-4	0.01	breast cancer
Br62_rep10_Dep6_Tu40	0.0011300475968736574	0.41	breast cancer
Br62_rep3_Dep6_Tu2	3.7840175429841664E-4	0.01	colorectal cancer
Br62_rep5_Dep6_Tu1	1.756889040678248E-4	0.01	breast cancer
Br62_rep4_Dep6_Tu1	4.236720238557055E-4	0.01	colorectal cancer
Br62_rep10_Dep6_Tu0.5	4.313565639619031E-4	0.01	colorectal cancer
Br62_rep5_Dep6_Tu20	0.0011939464117212259	0.34	breast cancer
Br62_rep6_Dep6_Tu0.3	4.397517268284682E-4	0.01	breast cancer
Br62_rep9_Dep6_Tu0.3	3.491106954794939E-4	0.01	breast cancer
Br62_rep2_Dep6_Tu20	0.0014168208234976863	0.41	breast cancer
Br62_rep6_Dep6_Tu0.5	4.2023452754108684E-4	0.12	ovarian cancer
Br62_rep8_Dep6_Tu10	8.04190190725321E-4	0.23	colorectal cancer
Br62_rep2_Dep6_Tu0.1	3.499930102436955E-4	0.01	breast cancer
Br62_rep5_Dep6_Tu10	5.850446580817631E-4	0.41	colorectal cancer
Br62_rep10_Dep6_Tu10	9.032857813129004E-4	0.21	breast cancer
Br62_rep4_Dep6_Tu10	7.314980704868778E-4	0.23	colorectal cancer
Br62_rep3_Dep6_Tu0.1	4.3042933972242046E-4	0.01	breast cancer
Br62_rep2_Dep6_Tu50	0.002581197659346566	0.41	breast cancer
Br62_rep9_Dep6_Tu10	6.67682899602613E-4	0.23	colorectal cancer
Br62_rep5_Dep6_Tu0.3	3.8070684440999296E-4	0.01	colorectal cancer
Br62_rep8_Dep6_Tu50	0.0020717002339989275	0.41	breast cancer
Br62_rep4_Dep6_Tu0.3	4.1382388066051723E-4	0.01	colorectal cancer
Br62_rep7_Dep6_Tu1	3.4651615680376566E-4	0.13	ovarian cancer
Br62_rep3_Dep6_Tu0.5	3.279606530864697E-4	0.01	breast cancer
Br62_rep7_Dep6_Tu40	0.0014497887390076257	0.34	breast cancer
Br62_rep2_Dep6_Tu3	4.121727338582281E-4	0.17	ovarian cancer
Br62_rep2_Dep6_Tu0.5	3.072069163962503E-4	0.01	colorectal cancer
Br62_rep1_Dep6_Tu50	0.0024922579477641878	0.41	breast cancer
Br62_rep3_Dep6_Tu3	2.716343460483243E-4	0.21	breast cancer
Br62_rep7_Dep6_Tu3	3.1087094806413245E-4	0.21	colorectal cancer
Br62_rep3_Dep6_Tu0.3	4.5441020295442636E-4	0.15	ovarian cancer
Br62_rep8_Dep6_Tu30	0.0019168251965100086	0.41	breast cancer
Br62_rep4_Dep6_Tu30	0.0015768184411993477	0.42	breast cancer
Br62_rep6_Dep6_Tu3	4.772383317543241E-4	0.16	colorectal cancer
Br62_rep4_Dep6_Tu0.1	3.0597756850277445E-4	0.01	colorectal cancer
Br62_rep8_Dep6_Tu5	4.408344670498104E-4	0.17	colorectal cancer
Br62_rep10_Dep6_Tu50	0.0024836646602447005	0.45	breast cancer
Br62_rep10_Dep6_Tu0.3	4.151064502885353E-4	0.01	ovarian cancer
Br62_rep3_Dep6_Tu20	0.0012374627410351913	0.34	breast cancer
Br62_rep1_Dep6_Tu1	3.072703791229706E-4	0.01	colorectal cancer
Br62_rep3_Dep6_Tu1	4.7496126352423567E-4	0.01	colorectal cancer
Br62_rep9_Dep6_Tu2	3.857224905517234E-4	0.17	colorectal cancer
Br62_rep7_Dep6_Tu50	0.002324817954913275	0.5	breast cancer
Br62_rep7_Dep6_Tu5	2.2246388442321525E-4	0.23	colorectal cancer
Br62_rep8_Dep6_Tu2	3.416847295821864E-4	0.17	colorectal cancer
Br62_rep5_Dep6_Tu0.1	3.702393515858421E-4	0.01	breast cancer
Br62_rep6_Dep6_Tu5	2.5557612996202555E-4	0.21	colorectal cancer
Br62_rep9_Dep6_Tu20	0.0010809871281623573	0.41	breast cancer
Br62_rep2_Dep6_Tu30	0.0015287720352303203	0.41	breast cancer
Br62_rep7_Dep6_Tu10	8.245385705103365E-5	0.23	breast cancer
Br62_rep6_Dep6_Tu0.1	3.906110789266673E-4	0.01	colorectal cancer
Br62_rep5_Dep6_Tu50	0.002322350173391668	0.48	breast cancer
Br62_rep10_Dep6_Tu1	4.077191390087958E-4	0.01	colorectal cancer
Br62_rep1_Dep6_Tu30	9.615667521723295E-4	0.41	breast cancer
Br62_rep7_Dep6_Tu0.3	2.8773635045231227E-4	0.01	colorectal cancer
Br62_rep2_Dep6_Tu10	6.174411312316613E-4	0.23	colorectal cancer
Br62_rep9_Dep6_Tu0.1	3.533190216815387E-4	0.01	colorectal cancer
Br62_rep3_Dep6_Tu10	6.110078737975474E-4	0.23	colorectal cancer
Br62_rep4_Dep6_Tu5	3.6305331450613127E-4	0.23	colorectal cancer
Br62_rep8_Dep6_Tu20	0.0012074028623396697	0.42	colorectal cancer
Br62_rep1_Dep6_Tu2	5.217070300493555E-4	0.21	colorectal cancer
Br62_rep10_Dep6_Tu5	6.014698898933315E-4	0.23	colorectal cancer
Br62_rep10_Dep6_Tu30	0.0011796423635584295	0.41	breast cancer
Br62_rep6_Dep6_Tu2	5.522832868303419E-4	0.17	ovarian cancer
Br62_rep4_Dep6_Tu3	4.885094675241895E-4	0.17	colorectal cancer
Br66_rep4_Dep6_Tu50	0.0036126453983898357	0.55	breast cancer
Br66_rep3_Dep6_Tu0.5	2.081941932469275E-4	0.01	breast cancer
Br66_rep2_Dep6_Tu3	4.7799280026267394E-4	0.15	ovarian cancer
Br66_rep6_Dep6_Tu40	0.0026863001865491173	0.5	breast cancer
Br66_rep9_Dep6_Tu0.1	3.572005083808595E-4	0.01	colorectal cancer
Br66_rep9_Dep6_Tu5	4.733378384389654E-4	0.14	breast cancer
Br66_rep10_Dep6_Tu1	1.4291475908569657E-4	0.01	breast cancer
Br66_rep6_Dep6_Tu20	0.0016157507924456527	0.32	breast cancer
Br66_rep10_Dep6_Tu30	0.0021845090314775413	0.41	breast cancer
Br66_rep10_Dep6_Tu5	6.16130846085247E-4	0.08	breast cancer
Br66_rep7_Dep6_Tu1	4.001009607164395E-4	0.02	breast cancer
Br66_rep6_Dep6_Tu0.3	4.3836596253404674E-4	0.01	breast cancer
Br66_rep1_Dep6_Tu30	0.0023658489862660816	0.41	breast cancer
Br66_rep3_Dep6_Tu1	4.288846195431178E-4	0.01	breast cancer
Br66_rep3_Dep6_Tu30	0.002546439320324782	0.47	breast cancer
Br66_rep9_Dep6_Tu1	2.3231264449677884E-4	0.15	ovarian cancer
Br66_rep9_Dep6_Tu40	0.003147717573552541	0.44	breast cancer
Br66_rep5_Dep6_Tu1	4.5491320264595344E-4	0.01	breast cancer
Br66_rep2_Dep6_Tu5	3.279321380836722E-4	0.07	breast cancer
Br66_rep5_Dep6_Tu30	0.0019215528915215551	0.44	breast cancer
Br66_rep7_Dep6_Tu50	0.002986210887734165	0.5	breast cancer
Br66_rep4_Dep6_Tu40	0.0024959840970483703	0.5	breast cancer
Br66_rep8_Dep6_Tu5	4.7988830060182336E-4	0.21	ovarian cancer
Br66_rep9_Dep6_Tu2	4.1021457403553357E-4	0.01	breast cancer
Br66_rep6_Dep6_Tu30	0.0024355810966697157	0.41	breast cancer
Br66_rep4_Dep6_Tu0.1	2.788155152322768E-4	0.01	colorectal cancer
Br66_rep5_Dep6_Tu10	9.0000584301327E-4	0.16	breast cancer
Br66_rep3_Dep6_Tu40	0.0028852367340823012	0.41	breast cancer
Br66_rep9_Dep6_Tu0.5	2.5011390925474755E-4	0.01	breast cancer
Br66_rep8_Dep6_Tu2	4.531614417116153E-4	0.01	breast cancer
Br66_rep10_Dep6_Tu2	4.905647693892524E-4	0.17	ovarian cancer
Br66_rep6_Dep6_Tu0.1	3.665816815290368E-4	0.01	colorectal cancer
Br66_rep5_Dep6_Tu0.5	3.272802718941037E-4	0.01	colorectal cancer
Br66_rep2_Dep6_Tu20	0.0020343580706506576	0.41	breast cancer
Br66_rep4_Dep6_Tu0.5	3.8317392457936484E-4	0.15	ovarian cancer
Br66_rep4_Dep6_Tu5	4.3758474406107917E-4	0.23	ovarian cancer
Br66_rep8_Dep6_Tu0.5	4.0606712310772413E-4	0.11	ovarian cancer
Br66_rep5_Dep6_Tu20	0.002122671012838168	0.28	breast cancer
Br66_rep1_Dep6_Tu3	4.0779676145820203E-4	0.17	ovarian cancer
Br66_rep10_Dep6_Tu10	9.705220805140199E-4	0.23	breast cancer
Br66_rep3_Dep6_Tu10	6.834270141454597E-4	0.21	breast cancer
Br66_rep10_Dep6_Tu40	0.002727629565201686	0.41	breast cancer
Br66_rep1_Dep6_Tu50	0.003314781324247091	0.58	breast cancer
Br66_rep10_Dep6_Tu0.5	3.2016477898343305E-4	0.01	colorectal cancer
Br66_rep1_Dep6_Tu0.3	3.711966951330646E-4	0.01	colorectal cancer
Br66_rep10_Dep6_Tu0.1	3.262132000546405E-4	0.01	breast cancer
Br66_rep8_Dep6_Tu40	0.0025963650263267023	0.46	breast cancer
Br66_rep3_Dep6_Tu20	0.0018331501626066896	0.34	breast cancer
Br66_rep9_Dep6_Tu0.3	3.457271254200129E-4	0.01	breast cancer
Br66_rep7_Dep6_Tu0.3	2.9153095816251165E-4	0.01	colorectal cancer
Br66_rep5_Dep6_Tu2	5.485067623880844E-4	0.15	ovarian cancer
Br66_rep5_Dep6_Tu0.3	3.5088926947765347E-4	0.01	colorectal cancer
Br66_rep6_Dep6_Tu5	5.236514691335091E-4	0.12	breast cancer
Br66_rep5_Dep6_Tu3	6.469283801443046E-5	0.07	breast cancer
Br66_rep1_Dep6_Tu5	6.125195576072416E-4	0.08	breast cancer
Br66_rep6_Dep6_Tu10	9.751246725493107E-4	0.23	breast cancer
Br66_rep3_Dep6_Tu5	6.027384375478478E-4	0.23	colorectal cancer
Br66_rep1_Dep6_Tu1	3.225521622652339E-4	0.01	breast cancer
Br66_rep4_Dep6_Tu30	0.002593421121370302	0.41	breast cancer
Br66_rep8_Dep6_Tu20	0.0016526782093186755	0.33	breast cancer
Br66_rep4_Dep6_Tu10	6.565676431513117E-4	0.23	breast cancer
Br66_rep2_Dep6_Tu1	3.098193382101256E-4	0.01	breast cancer
Br66_rep6_Dep6_Tu2	5.290950118996188E-4	0.01	colorectal cancer
Br66_rep6_Dep6_Tu0.5	3.587834351445909E-4	0.11	ovarian cancer
Br66_rep5_Dep6_Tu0.1	2.992368805168588E-4	0.01	breast cancer
Br66_rep2_Dep6_Tu2	3.0146962689066813E-4	0.01	colorectal cancer
Br66_rep10_Dep6_Tu50	0.002994210852234908	0.55	breast cancer
Br66_rep7_Dep6_Tu3	4.300180349511661E-4	0.17	ovarian cancer
Br66_rep7_Dep6_Tu10	0.00100024580248745	0.23	breast cancer
Br66_rep2_Dep6_Tu0.5	2.907582183808591E-4	0.01	breast cancer
Br66_rep5_Dep6_Tu50	0.0029329504541698646	0.51	breast cancer
Br66_rep9_Dep6_Tu20	0.0018211371780087757	0.36	breast cancer
Br66_rep8_Dep6_Tu3	4.948933737851971E-4	0.16	colorectal cancer
Br66_rep9_Dep6_Tu10	9.0110424348627E-4	0.16	breast cancer
Br66_rep7_Dep6_Tu2	1.4762846008554417E-5	0.05	breast cancer
Br66_rep6_Dep6_Tu3	2.6769674259197857E-4	0.17	colorectal cancer
Br66_rep1_Dep6_Tu0.5	3.9865646177583925E-4	0.01	breast cancer
Br66_rep2_Dep6_Tu40	0.0029093464319788842	0.5	breast cancer
Br66_rep1_Dep6_Tu2	2.702859110096356E-4	0.08	breast cancer
Br66_rep8_Dep6_Tu1	3.78009931808661E-4	0.01	breast cancer
Br66_rep4_Dep6_Tu3	5.70117512521047E-4	0.17	ovarian cancer
Br66_rep7_Dep6_Tu40	0.0022512737127983132	0.46	breast cancer
Br66_rep7_Dep6_Tu0.5	3.190641401853806E-4	0.01	colorectal cancer
Br66_rep2_Dep6_Tu30	0.0026450458935760248	0.44	breast cancer
Br66_rep2_Dep6_Tu0.1	3.433694689411478E-4	0.01	breast cancer
Br66_rep7_Dep6_Tu0.1	2.9078878381063466E-4	0.01	colorectal cancer
Br66_rep1_Dep6_Tu40	0.002451669123972044	0.47	breast cancer
Br66_rep7_Dep6_Tu5	1.3039632167816378E-4	0.1	breast cancer
Br66_rep4_Dep6_Tu1	3.986607358631292E-4	0.15	ovarian cancer
Br66_rep8_Dep6_Tu0.1	2.5220319835364156E-4	0.01	breast cancer
Br66_rep4_Dep6_Tu2	3.706439429136906E-4	0.01	breast cancer
Br66_rep1_Dep6_Tu0.1	2.9266972144265736E-4	0.01	breast cancer
Br66_rep2_Dep6_Tu10	9.919604234368872E-4	0.21	breast cancer
Br66_rep4_Dep6_Tu20	0.0021010591744023274	0.32	breast cancer
Br66_rep4_Dep6_Tu0.3	4.037752229450021E-4	0.01	colorectal cancer
Br66_rep10_Dep6_Tu3	3.315755993978342E-4	0.15	ovarian cancer
Br66_rep1_Dep6_Tu20	0.0013800180996652277	0.28	breast cancer
Br66_rep6_Dep6_Tu1	4.3262595850252124E-4	0.15	ovarian cancer
Br66_rep6_Dep6_Tu50	0.003579837248003172	0.55	breast cancer
Br66_rep9_Dep6_Tu3	5.913118988924858E-4	0.17	ovarian cancer
Br66_rep3_Dep6_Tu50	0.0034958693627569694	0.55	breast cancer
Br66_rep8_Dep6_Tu30	0.0014379347129593936	0.34	breast cancer
Br66_rep7_Dep6_Tu20	0.0021689018774032434	0.29	breast cancer
Br66_rep3_Dep6_Tu2	2.9999785145902447E-4	0.09	ovarian cancer
Br66_rep8_Dep6_Tu50	0.0025893090243797753	0.55	breast cancer
Br66_rep3_Dep6_Tu3	4.1099192935291454E-4	0.23	colorectal cancer
Br66_rep3_Dep6_Tu0.3	4.2670048789289597E-4	0.15	ovarian cancer
Br66_rep8_Dep6_Tu0.3	3.725388906932863E-4	0.01	breast cancer
Br66_rep3_Dep6_Tu0.1	4.318299754821912E-4	0.01	breast cancer
Br66_rep10_Dep6_Tu0.3	4.090581654371552E-4	0.01	colorectal cancer
Br66_rep2_Dep6_Tu50	0.0028785731720954865	0.47	breast cancer
Br66_rep5_Dep6_Tu5	4.2549399425315944E-4	0.23	ovarian cancer
Br66_rep10_Dep6_Tu20	0.002155241616048297	0.28	breast cancer
Br66_rep7_Dep6_Tu30	0.0023599408786444255	0.41	breast cancer
Br66_rep9_Dep6_Tu30	0.002126053938330398	0.34	breast cancer
Br66_rep5_Dep6_Tu40	0.003268689853943657	0.51	breast cancer
Br66_rep8_Dep6_Tu10	8.818702101011599E-4	0.22	breast cancer
Br66_rep9_Dep6_Tu50	0.0024634541445053334	0.45	breast cancer
Br66_rep2_Dep6_Tu0.3	3.670300681076863E-4	0.01	breast cancer
Br66_rep1_Dep6_Tu10	0.001218959455731305	0.17	breast cancer
Cer77_rep9_Dep6_Tu3	6.151965317694173E-4	0.17	ovarian cancer
Cer77_rep5_Dep6_Tu30	7.566383520359049E-4	0.49	cervical cancer
Cer77_rep3_Dep6_Tu30	0.0010691489854361491	0.58	cervical cancer
Cer77_rep8_Dep6_Tu50	3.794925116373953E-4	0.77	cervical cancer
Cer77_rep1_Dep6_Tu1	2.5229590032666563E-4	0.01	colorectal cancer
Cer77_rep7_Dep6_Tu3	2.803472551756673E-4	0.01	colorectal cancer
Cer77_rep10_Dep6_Tu2	5.501270574840445E-4	0.17	ovarian cancer
Cer77_rep2_Dep6_Tu0.5	2.852405532074323E-4	0.01	breast cancer
Cer77_rep3_Dep6_Tu20	9.680011671770599E-4	0.48	cervical cancer
Cer77_rep1_Dep6_Tu2	2.832677403724637E-4	0.01	breast cancer
Cer77_rep2_Dep6_Tu5	7.159033436343475E-4	0.21	colorectal cancer
Cer77_rep5_Dep6_Tu0.5	3.42200025185747E-4	0.01	breast cancer
Cer77_rep2_Dep6_Tu50	5.445556715806996E-4	0.65	cervical cancer
Cer77_rep9_Dep6_Tu0.5	2.483349875179119E-4	0.01	colorectal cancer
Cer77_rep4_Dep6_Tu10	5.475940896445876E-4	0.23	colorectal cancer
Cer77_rep9_Dep6_Tu20	0.0012646860772617826	0.41	cervical cancer
Cer77_rep3_Dep6_Tu10	7.024748341886319E-4	0.22	cervical cancer
Cer77_rep6_Dep6_Tu5	5.332091979631245E-4	0.16	colorectal cancer
Cer77_rep5_Dep6_Tu1	3.882229367691734E-4	0.01	breast cancer
Cer77_rep5_Dep6_Tu0.3	3.4258849020553774E-4	0.01	colorectal cancer
Cer77_rep4_Dep6_Tu50	4.675706280322365E-4	0.75	cervical cancer
Cer77_rep6_Dep6_Tu0.3	4.3249821047063687E-4	0.01	breast cancer
Cer77_rep4_Dep6_Tu40	5.047905069701697E-4	0.58	cervical cancer
Cer77_rep10_Dep6_Tu5	3.900418649043925E-4	0.21	colorectal cancer
Cer77_rep3_Dep6_Tu1	4.1823162471791545E-4	0.17	ovarian cancer
Cer77_rep8_Dep6_Tu40	0.0013364099377701434	0.6	cervical cancer
Cer77_rep7_Dep6_Tu0.3	3.200067375253501E-4	0.01	breast cancer
Cer77_rep3_Dep6_Tu0.1	4.1206939990465376E-4	0.15	ovarian cancer
Cer77_rep4_Dep6_Tu0.3	3.967738484020296E-4	0.01	colorectal cancer
Cer77_rep6_Dep6_Tu2	2.5475057108872675E-4	0.01	ovarian cancer
Cer77_rep6_Dep6_Tu20	0.0010216419526214483	0.41	cervical cancer
Cer77_rep9_Dep6_Tu40	0.001618630184914595	0.6	cervical cancer
Cer77_rep6_Dep6_Tu40	5.304399234944293E-4	0.58	cervical cancer
Cer77_rep8_Dep6_Tu5	5.399871138154613E-4	0.23	colorectal cancer
Cer77_rep5_Dep6_Tu50	6.129186660961719E-4	0.65	cervical cancer
Cer77_rep1_Dep6_Tu30	9.719013179064337E-4	0.49	cervical cancer
Cer77_rep2_Dep6_Tu20	0.0010978955333888413	0.41	cervical cancer
Cer77_rep4_Dep6_Tu0.5	3.9990829578483503E-4	0.15	ovarian cancer
Cer77_rep2_Dep6_Tu40	9.338841980456456E-4	0.6	cervical cancer
Cer77_rep8_Dep6_Tu30	0.0016631731990774334	0.49	cervical cancer
Cer77_rep3_Dep6_Tu40	8.280087008858465E-4	0.6	cervical cancer
Cer77_rep4_Dep6_Tu0.1	2.7844938890520275E-4	0.01	colorectal cancer
Cer77_rep2_Dep6_Tu1	3.309509132869426E-4	0.01	breast cancer
Cer77_rep3_Dep6_Tu3	4.03225859581273E-4	0.23	colorectal cancer
Cer77_rep2_Dep6_Tu30	0.0011892959976824474	0.55	cervical cancer
Cer77_rep9_Dep6_Tu30	5.36906445344606E-4	0.58	cervical cancer
Cer77_rep7_Dep6_Tu20	0.001127426575131664	0.43	cervical cancer
Cer77_rep6_Dep6_Tu1	2.3019871597984725E-4	0.01	breast cancer
Cer77_rep7_Dep6_Tu50	4.023559933191127E-4	0.76	cervical cancer
Cer77_rep3_Dep6_Tu5	4.76664883527936E-4	0.17	colorectal cancer
Cer77_rep8_Dep6_Tu0.5	3.4241312799572254E-4	0.11	ovarian cancer
Cer77_rep9_Dep6_Tu0.3	3.6670350555709235E-4	0.01	breast cancer
Cer77_rep6_Dep6_Tu0.5	3.4920850446628287E-4	0.01	breast cancer
Cer77_rep7_Dep6_Tu1	3.3391623172196314E-4	0.01	colorectal cancer
Cer77_rep5_Dep6_Tu3	3.7112120258296085E-4	0.17	colorectal cancer
Cer77_rep10_Dep6_Tu3	1.9179697058253962E-4	0.01	colorectal cancer
Cer77_rep9_Dep6_Tu5	6.681158211134454E-4	0.23	colorectal cancer
Cer77_rep10_Dep6_Tu20	8.960287384382009E-4	0.41	cervical cancer
Cer77_rep1_Dep6_Tu3	6.041147625894566E-4	0.15	ovarian cancer
Cer77_rep5_Dep6_Tu2	4.7228556625432974E-4	0.15	ovarian cancer
Cer77_rep5_Dep6_Tu5	6.177218697169538E-4	0.23	ovarian cancer
Cer77_rep8_Dep6_Tu2	5.462616662269928E-4	0.21	colorectal cancer
Cer77_rep8_Dep6_Tu10	8.906002677140904E-4	0.23	cervical cancer
Cer77_rep10_Dep6_Tu30	0.001645434501145051	0.58	cervical cancer
Cer77_rep10_Dep6_Tu0.1	3.256602174815378E-4	0.01	breast cancer
Cer77_rep6_Dep6_Tu3	4.460446857178956E-4	0.17	colorectal cancer
Cer77_rep7_Dep6_Tu10	6.633613673621886E-4	0.22	cervical cancer
Cer77_rep1_Dep6_Tu0.1	2.9205635381001884E-4	0.01	breast cancer
Cer77_rep10_Dep6_Tu50	3.0826883441161966E-4	0.65	cervical cancer
Cer77_rep3_Dep6_Tu2	3.3303509251038317E-4	0.01	colorectal cancer
Cer77_rep2_Dep6_Tu10	9.138082010976612E-4	0.23	colorectal cancer
Cer77_rep4_Dep6_Tu5	4.1860967894511423E-4	0.21	colorectal cancer
Cer77_rep4_Dep6_Tu2	2.8053420968475657E-4	0.01	breast cancer
Cer77_rep8_Dep6_Tu3	3.5552021265936056E-4	0.15	ovarian cancer
Cer77_rep7_Dep6_Tu5	2.589689663069487E-4	0.17	colorectal cancer
Cer77_rep4_Dep6_Tu3	3.8669508643469826E-4	0.17	ovarian cancer
Cer77_rep7_Dep6_Tu2	2.5931150934648515E-4	0.01	colorectal cancer
Cer77_rep10_Dep6_Tu40	0.0011180966313760583	0.6	cervical cancer
Cer77_rep6_Dep6_Tu10	1.7863486115138962E-4	0.23	colorectal cancer
Cer77_rep6_Dep6_Tu50	0.0	0	normal
Cer77_rep2_Dep6_Tu2	2.998996261628831E-4	0.01	colorectal cancer
Cer77_rep1_Dep6_Tu5	3.0596022548752533E-4	0.18	ovarian cancer
Cer77_rep5_Dep6_Tu0.1	3.121435848313839E-4	0.01	breast cancer
Cer77_rep9_Dep6_Tu50	3.3736336428386883E-4	0.6	cervical cancer
Cer77_rep10_Dep6_Tu0.3	3.986695377708211E-4	0.01	colorectal cancer
Cer77_rep3_Dep6_Tu0.3	3.8139634565362046E-4	0.01	colorectal cancer
Cer77_rep1_Dep6_Tu0.5	3.639114489298647E-4	0.01	colorectal cancer
Cer77_rep4_Dep6_Tu1	4.222202449343841E-4	0.01	colorectal cancer
Cer77_rep2_Dep6_Tu0.3	3.026258453485064E-4	0.01	breast cancer
Cer77_rep10_Dep6_Tu10	3.86049079152106E-4	0.22	cervical cancer
Cer77_rep3_Dep6_Tu50	4.6671323926926364E-4	0.69	cervical cancer
Cer77_rep3_Dep6_Tu0.5	4.4407979084489695E-4	0.01	breast cancer
Cer77_rep5_Dep6_Tu40	7.243403174416982E-4	0.6	cervical cancer
Cer77_rep9_Dep6_Tu2	3.938549743455297E-4	0.23	colorectal cancer
Cer77_rep8_Dep6_Tu20	0.0016263680348849532	0.41	cervical cancer
Cer77_rep7_Dep6_Tu0.5	3.050239327623399E-4	0.01	colorectal cancer
Cer77_rep1_Dep6_Tu50	8.539115793791091E-4	0.73	cervical cancer
Cer77_rep10_Dep6_Tu1	1.9967136163857375E-4	0.01	breast cancer
Cer77_rep8_Dep6_Tu0.3	3.617372538686501E-4	0.01	colorectal cancer
Cer77_rep4_Dep6_Tu20	8.711023495938537E-4	0.41	cervical cancer
Cer77_rep7_Dep6_Tu30	9.506269953866709E-4	0.49	cervical cancer
Cer77_rep7_Dep6_Tu40	2.436730779277323E-4	0.65	cervical cancer
Cer77_rep9_Dep6_Tu0.1	3.563459118636635E-4	0.01	colorectal cancer
Cer77_rep5_Dep6_Tu20	0.00121117714684916	0.41	cervical cancer
Cer77_rep8_Dep6_Tu1	3.42824646723175E-4	0.01	breast cancer
Cer77_rep6_Dep6_Tu0.1	3.667040454185961E-4	0.01	colorectal cancer
Cer77_rep2_Dep6_Tu3	5.372032904297137E-4	0.16	colorectal cancer
Cer77_rep1_Dep6_Tu0.3	3.953151905200231E-4	0.01	colorectal cancer
Cer77_rep1_Dep6_Tu40	0.0010015629193477092	0.58	cervical cancer
Cer77_rep6_Dep6_Tu30	0.001279557423889514	0.49	cervical cancer
Cer77_rep2_Dep6_Tu0.1	3.4268780974802367E-4	0.01	breast cancer
Cer77_rep1_Dep6_Tu20	8.766989525930702E-4	0.41	cervical cancer
Cer77_rep4_Dep6_Tu30	1.8605419911119024E-4	0.49	breast cancer
Cer77_rep10_Dep6_Tu0.5	3.1485589746479915E-4	0.01	colorectal cancer
Cer77_rep5_Dep6_Tu10	8.704378645655535E-4	0.23	colorectal cancer
Cer77_rep9_Dep6_Tu1	3.134715005450028E-4	0.01	breast cancer
Cer77_rep1_Dep6_Tu10	9.048020718958496E-4	0.23	colorectal cancer
Cer77_rep8_Dep6_Tu0.1	2.4380078828670793E-4	0.01	breast cancer
Cer77_rep9_Dep6_Tu10	7.000994985673052E-4	0.23	cervical cancer
Cer77_rep7_Dep6_Tu0.1	2.913569071227847E-4	0.01	colorectal cancer
Cer81_rep10_Dep6_Tu5	1.7229532935629892E-4	0.17	colorectal cancer
Cer81_rep8_Dep6_Tu2	4.927081784879137E-4	0.17	colorectal cancer
Cer81_rep6_Dep6_Tu3	2.245242517486782E-4	0.21	colorectal cancer
Cer81_rep2_Dep6_Tu3	2.974791712762689E-4	0.21	colorectal cancer
Cer81_rep7_Dep6_Tu20	6.363515467018195E-4	0.23	breast cancer
Cer81_rep5_Dep6_Tu5	4.8202708743166043E-4	0.23	colorectal cancer
Cer81_rep4_Dep6_Tu0.1	2.810866033981198E-4	0.01	colorectal cancer
Cer81_rep9_Dep6_Tu20	7.514996255113031E-4	0.23	colorectal cancer
Cer81_rep9_Dep6_Tu5	4.942377840502296E-4	0.23	colorectal cancer
Cer81_rep2_Dep6_Tu1	3.5920377143162214E-4	0.01	colorectal cancer
Cer81_rep8_Dep6_Tu3	5.517229483283933E-4	0.16	colorectal cancer
Cer81_rep8_Dep6_Tu1	2.4029442119331956E-4	0.15	colorectal cancer
Cer81_rep1_Dep6_Tu50	0.001340761017508819	0.58	colorectal cancer
Cer81_rep9_Dep6_Tu1	3.5472546203447797E-4	0.21	colorectal cancer
Cer81_rep4_Dep6_Tu30	0.001040337403404601	0.42	colorectal cancer
Cer81_rep5_Dep6_Tu20	8.136761989194058E-4	0.21	cervical cancer
Cer81_rep2_Dep6_Tu0.5	2.958275952131396E-4	0.01	colorectal cancer
Cer81_rep2_Dep6_Tu2	2.2932398241226913E-4	0.17	colorectal cancer
Cer81_rep5_Dep6_Tu1	4.0894843105992074E-4	0.01	colorectal cancer
Cer81_rep7_Dep6_Tu0.5	2.0929725839388252E-4	0.01	colorectal cancer
Cer81_rep5_Dep6_Tu0.1	3.097471929184385E-4	0.01	breast cancer
Cer81_rep8_Dep6_Tu0.1	2.4908178587691385E-4	0.01	breast cancer
Cer81_rep10_Dep6_Tu10	5.925057143635955E-4	0.23	colorectal cancer
Cer81_rep2_Dep6_Tu5	4.525519551581708E-4	0.23	colorectal cancer
Cer81_rep8_Dep6_Tu50	0.0012734631509773778	0.58	colorectal cancer
Cer81_rep2_Dep6_Tu40	0.001360868915329204	0.42	colorectal cancer
Cer81_rep6_Dep6_Tu30	9.720413265150822E-4	0.41	colorectal cancer
Cer81_rep4_Dep6_Tu1	4.929811142600892E-4	0.01	colorectal cancer
Cer81_rep3_Dep6_Tu0.3	3.893927574420781E-4	0.01	colorectal cancer
Cer81_rep9_Dep6_Tu0.1	3.581507986051809E-4	0.01	colorectal cancer
Cer81_rep1_Dep6_Tu40	9.828621712030291E-4	0.47	breast cancer
Cer81_rep10_Dep6_Tu2	3.391459998347497E-4	0.17	colorectal cancer
Cer81_rep7_Dep6_Tu50	4.4411301900214225E-4	0.58	colorectal cancer
Cer81_rep8_Dep6_Tu0.3	3.602254590901708E-4	0.01	breast cancer
Cer81_rep8_Dep6_Tu40	3.7365319491514993E-4	0.49	breast cancer
Cer81_rep9_Dep6_Tu40	0.001176400899390281	0.48	colorectal cancer
Cer81_rep9_Dep6_Tu10	6.226097958340846E-4	0.23	colorectal cancer
Cer81_rep2_Dep6_Tu50	4.535734096837854E-4	0.49	cervical cancer
Cer81_rep8_Dep6_Tu10	6.474967414916241E-4	0.22	colorectal cancer
Cer81_rep10_Dep6_Tu0.1	3.2850589431696444E-4	0.01	colorectal cancer
Cer81_rep3_Dep6_Tu1	2.8348745348416804E-4	0.15	colorectal cancer
Cer81_rep9_Dep6_Tu50	0.001566581995629213	0.41	cervical cancer
Cer81_rep8_Dep6_Tu30	0.0013299735395920947	0.47	colorectal cancer
Cer81_rep4_Dep6_Tu20	8.33178294129915E-4	0.23	colorectal cancer
Cer81_rep10_Dep6_Tu20	0.0013160754001497281	0.23	colorectal cancer
Cer81_rep7_Dep6_Tu3	3.8879452430113227E-4	0.21	colorectal cancer
Cer81_rep2_Dep6_Tu30	0.00170405176674316	0.41	colorectal cancer
Cer81_rep1_Dep6_Tu0.1	2.9453614059400885E-4	0.01	breast cancer
Cer81_rep5_Dep6_Tu10	7.333517544299528E-4	0.23	colorectal cancer
Cer81_rep7_Dep6_Tu0.1	2.921962884913855E-4	0.01	colorectal cancer
Cer81_rep8_Dep6_Tu0.5	3.938224161965027E-4	0.01	colorectal cancer
Cer81_rep7_Dep6_Tu1	8.128045367012844E-5	0.17	colorectal cancer
Cer81_rep10_Dep6_Tu0.5	3.2094551991173313E-4	0.01	colorectal cancer
Cer81_rep8_Dep6_Tu20	0.0011700514032343468	0.23	colorectal cancer
Cer81_rep4_Dep6_Tu5	7.107663086185967E-4	0.23	colorectal cancer
Cer81_rep3_Dep6_Tu30	7.423670674932999E-4	0.42	cervical cancer
Cer81_rep9_Dep6_Tu0.3	2.41554167037471E-4	0.15	colorectal cancer
Cer81_rep4_Dep6_Tu0.3	4.0388343538158697E-4	0.01	colorectal cancer
Cer81_rep1_Dep6_Tu30	9.7088823860933E-4	0.41	colorectal cancer
Cer81_rep1_Dep6_Tu1	1.6174107352212474E-4	0.01	colorectal cancer
Cer81_rep4_Dep6_Tu50	0.0010894175001221363	0.58	cervical cancer
Cer81_rep6_Dep6_Tu0.1	3.690673082345978E-4	0.01	colorectal cancer
Cer81_rep1_Dep6_Tu0.5	3.648790551708678E-4	0.01	colorectal cancer
Cer81_rep3_Dep6_Tu50	2.687458536384453E-4	0.58	cervical cancer
Cer81_rep6_Dep6_Tu50	0.0010833427055198612	0.58	cervical cancer
Cer81_rep4_Dep6_Tu40	0.0010044682913203594	0.47	cervical cancer
Cer81_rep7_Dep6_Tu5	0.0	0	normal
Cer81_rep9_Dep6_Tu30	0.0015232459390656504	0.32	cervical cancer
Cer81_rep5_Dep6_Tu0.5	3.1366375919055997E-4	0.01	colorectal cancer
Cer81_rep5_Dep6_Tu2	2.50692790254086E-4	0.17	colorectal cancer
Cer81_rep5_Dep6_Tu3	1.5992901671171527E-4	0.23	colorectal cancer
Cer81_rep2_Dep6_Tu0.3	3.031369075317234E-4	0.01	breast cancer
Cer81_rep10_Dep6_Tu1	2.973962348144737E-4	0.01	colorectal cancer
Cer81_rep3_Dep6_Tu20	6.826770045787999E-4	0.23	cervical cancer
Cer81_rep4_Dep6_Tu10	7.169034994811279E-4	0.32	colorectal cancer
Cer81_rep4_Dep6_Tu2	3.4081322638140714E-4	0.01	colorectal cancer
Cer81_rep1_Dep6_Tu20	0.0011091996719460838	0.36	cervical cancer
Cer81_rep3_Dep6_Tu40	0.0013979721191898819	0.42	cervical cancer
Cer81_rep9_Dep6_Tu0.5	2.521115414205676E-4	0.01	breast cancer
Cer81_rep2_Dep6_Tu10	6.632490073637498E-4	0.23	colorectal cancer
Cer81_rep6_Dep6_Tu0.3	4.2355026856665695E-4	0.01	breast cancer
Cer81_rep10_Dep6_Tu30	9.050121854230427E-4	0.41	cervical cancer
Cer81_rep1_Dep6_Tu10	5.009844054770576E-4	0.23	colorectal cancer
Cer81_rep7_Dep6_Tu2	1.4106617557954447E-4	0.15	colorectal cancer
Cer81_rep6_Dep6_Tu2	3.028153571478321E-4	0.16	colorectal cancer
Cer81_rep10_Dep6_Tu40	8.399437482324008E-4	0.49	cervical cancer
Cer81_rep6_Dep6_Tu5	3.482181203416752E-4	0.23	colorectal cancer
Cer81_rep5_Dep6_Tu40	9.141730100815663E-4	0.41	cervical cancer
Cer81_rep3_Dep6_Tu3	4.639482264929843E-4	0.23	colorectal cancer
Cer81_rep1_Dep6_Tu2	2.1742660926172836E-4	0.17	colorectal cancer
Cer81_rep6_Dep6_Tu10	6.556800059016569E-4	0.23	colorectal cancer
Cer81_rep9_Dep6_Tu2	2.234344633008652E-4	0.01	colorectal cancer
Cer81_rep6_Dep6_Tu0.5	3.586535148715455E-4	0.01	colorectal cancer
Cer81_rep1_Dep6_Tu0.3	4.0211629386949633E-4	0.01	colorectal cancer
Cer81_rep1_Dep6_Tu3	2.8913866641968315E-4	0.17	colorectal cancer
Cer81_rep2_Dep6_Tu0.1	3.463290683455784E-4	0.01	colorectal cancer
Cer81_rep7_Dep6_Tu0.3	2.99356951224477E-4	0.01	colorectal cancer
Cer81_rep5_Dep6_Tu30	0.0010550935264420501	0.41	colorectal cancer
Cer81_rep10_Dep6_Tu3	4.597601469491806E-5	0.22	colorectal cancer
Cer81_rep6_Dep6_Tu40	6.657996902416037E-4	0.5	colorectal cancer
Cer81_rep3_Dep6_Tu0.5	4.346734787207613E-4	0.01	breast cancer
Cer81_rep8_Dep6_Tu5	3.654477978800749E-4	0.23	colorectal cancer
Cer81_rep7_Dep6_Tu30	0.0014535618085455937	0.41	colorectal cancer
Cer81_rep3_Dep6_Tu2	2.946930697667765E-4	0.12	colorectal cancer
Cer81_rep5_Dep6_Tu50	9.961870588367156E-4	0.58	breast cancer
Cer81_rep2_Dep6_Tu20	7.675421888070765E-4	0.41	colorectal cancer
Cer81_rep7_Dep6_Tu40	0.0014279119297851335	0.41	cervical cancer
Cer81_rep10_Dep6_Tu0.3	3.6818030689864356E-4	0.01	colorectal cancer
Cer81_rep4_Dep6_Tu3	5.005513446540555E-4	0.17	colorectal cancer
Cer81_rep6_Dep6_Tu1	3.707314295586228E-4	0.01	colorectal cancer
Cer81_rep4_Dep6_Tu0.5	3.3554504113345024E-4	0.01	colorectal cancer
Cer81_rep3_Dep6_Tu0.1	4.31812644420542E-4	0.01	breast cancer
Cer81_rep7_Dep6_Tu10	5.587061452503049E-4	0.23	colorectal cancer
Cer81_rep10_Dep6_Tu50	5.436184569230979E-4	0.5	colorectal cancer
Cer81_rep5_Dep6_Tu0.3	3.53913704309311E-4	0.01	colorectal cancer
Cer81_rep6_Dep6_Tu20	9.713548298718398E-4	0.23	colorectal cancer
Cer81_rep3_Dep6_Tu5	3.637171196960206E-4	0.23	colorectal cancer
Cer81_rep3_Dep6_Tu10	4.2178457976480775E-4	0.23	colorectal cancer
Cer81_rep9_Dep6_Tu3	3.433396385827854E-4	0.17	colorectal cancer
Cer81_rep1_Dep6_Tu5	3.330602642405227E-4	0.22	colorectal cancer
Colo_rep2_Dep6_Tu0.5	3.1548590862300806E-4	0.01	breast cancer
Colo_rep2_Dep6_Tu50	0.0012355809956649507	0.47	colorectal cancer
Colo_rep6_Dep6_Tu1	3.2692571302947915E-4	0.01	breast cancer
Colo_rep3_Dep6_Tu2	3.7075406848681203E-4	0.01	colorectal cancer
Colo_rep7_Dep6_Tu2	1.4775692295039994E-4	0.01	colorectal cancer
Colo_rep8_Dep6_Tu0.1	2.4384686990578484E-4	0.01	breast cancer
Colo_rep10_Dep6_Tu2	2.6572529807601767E-4	0.01	breast cancer
Colo_rep6_Dep6_Tu3	3.951505594794944E-4	0.01	colorectal cancer
Colo_rep9_Dep6_Tu30	0.0011346503490355327	0.23	colorectal cancer
Colo_rep9_Dep6_Tu0.5	2.5154955199400796E-4	0.01	breast cancer
Colo_rep6_Dep6_Tu20	5.98816123857996E-4	0.23	colorectal cancer
Colo_rep8_Dep6_Tu30	8.461202649157734E-4	0.41	colorectal cancer
Colo_rep3_Dep6_Tu5	3.137182744663912E-4	0.01	breast cancer
Colo_rep4_Dep6_Tu3	2.578046062607495E-4	0.17	colorectal cancer
Colo_rep2_Dep6_Tu10	2.719098096178181E-4	0.21	colorectal cancer
Colo_rep3_Dep6_Tu40	0.0014556280204214885	0.41	colorectal cancer
Colo_rep3_Dep6_Tu30	7.248216513153995E-4	0.41	colorectal cancer
Colo_rep6_Dep6_Tu30	9.922370839292535E-4	0.41	colorectal cancer
Colo_rep4_Dep6_Tu50	0.0015844774384920584	0.5	colorectal cancer
Colo_rep5_Dep6_Tu50	0.0019083195922936628	0.5	colorectal cancer
Colo_rep6_Dep6_Tu2	4.3020462310231514E-4	0.01	ovarian cancer
Colo_rep10_Dep6_Tu50	0.001666835088280093	0.5	colorectal cancer
Colo_rep7_Dep6_Tu50	0.0012587370203621148	0.41	colorectal cancer
Colo_rep9_Dep6_Tu40	0.0015416963124554707	0.48	colorectal cancer
Colo_rep8_Dep6_Tu5	3.194127743417375E-4	0.15	ovarian cancer
Colo_rep1_Dep6_Tu20	4.929680775878642E-4	0.21	ovarian cancer
Colo_rep9_Dep6_Tu2	3.171008241825962E-4	0.01	breast cancer
Colo_rep5_Dep6_Tu30	7.121778741652386E-4	0.41	colorectal cancer
Colo_rep4_Dep6_Tu0.1	3.0350912360499173E-4	0.01	colorectal cancer
Colo_rep5_Dep6_Tu0.1	3.0939582961246983E-4	0.01	breast cancer
Colo_rep9_Dep6_Tu3	4.793579386149272E-4	0.01	breast cancer
Colo_rep2_Dep6_Tu0.1	3.4221275464286105E-4	0.01	breast cancer
Colo_rep8_Dep6_Tu10	3.870228570132159E-4	0.01	breast cancer
Colo_rep4_Dep6_Tu30	0.0011044098857200064	0.23	colorectal cancer
Colo_rep2_Dep6_Tu2	3.379627211331998E-4	0.01	colorectal cancer
Colo_rep1_Dep6_Tu5	2.6780552758151106E-4	0.21	colorectal cancer
Colo_rep8_Dep6_Tu50	0.001371223738118084	0.41	colorectal cancer
Colo_rep5_Dep6_Tu5	4.4132632446162415E-4	0.01	colorectal cancer
Colo_rep6_Dep6_Tu50	0.0012583680448750559	0.41	colorectal cancer
Colo_rep5_Dep6_Tu0.5	2.892749979886135E-4	0.01	breast cancer
Colo_rep4_Dep6_Tu20	8.045380346742051E-4	0.23	colorectal cancer
Colo_rep8_Dep6_Tu40	0.001128512881325484	0.41	colorectal cancer
Colo_rep7_Dep6_Tu0.3	2.9212430377943287E-4	0.01	colorectal cancer
Colo_rep7_Dep6_Tu30	0.0013308471055269173	0.41	colorectal cancer
Colo_rep10_Dep6_Tu20	7.05527922269946E-4	0.23	colorectal cancer
Colo_rep9_Dep6_Tu10	4.803963481661503E-4	0.15	ovarian cancer
Colo_rep9_Dep6_Tu0.1	3.5592490340061124E-4	0.01	colorectal cancer
Colo_rep10_Dep6_Tu0.3	4.173712487483516E-4	0.01	ovarian cancer
Colo_rep8_Dep6_Tu20	9.728632674891392E-4	0.23	ovarian cancer
Colo_rep3_Dep6_Tu3	2.331735739457392E-4	0.21	colorectal cancer
Colo_rep4_Dep6_Tu2	3.452499439193358E-4	0.01	colorectal cancer
Colo_rep10_Dep6_Tu0.1	2.916006562968196E-4	0.01	breast cancer
Colo_rep4_Dep6_Tu0.3	3.986206111740947E-4	0.01	colorectal cancer
Colo_rep9_Dep6_Tu0.3	3.568335513225164E-4	0.01	breast cancer
Colo_rep1_Dep6_Tu10	6.300852311749493E-4	0.15	ovarian cancer
Colo_rep6_Dep6_Tu0.3	4.7232182008762085E-4	0.01	breast cancer
Colo_rep6_Dep6_Tu0.5	2.879897749168593E-4	0.01	breast cancer
Colo_rep10_Dep6_Tu10	2.6728665368914425E-4	0.23	colorectal cancer
Colo_rep10_Dep6_Tu1	3.821016116240844E-4	0.01	colorectal cancer
Colo_rep10_Dep6_Tu5	6.667035140970752E-4	0.23	colorectal cancer
Colo_rep10_Dep6_Tu40	0.0014007203792546833	0.41	colorectal cancer
Colo_rep10_Dep6_Tu0.5	3.934840250931288E-4	0.01	colorectal cancer
Colo_rep1_Dep6_Tu1	2.802977763922553E-4	0.01	colorectal cancer
Colo_rep7_Dep6_Tu20	3.245198047547129E-4	0.41	colorectal cancer
Colo_rep6_Dep6_Tu10	6.309549413950638E-4	0.21	colorectal cancer
Colo_rep10_Dep6_Tu3	3.656875144864237E-4	0.01	breast cancer
Colo_rep1_Dep6_Tu30	8.682833675506442E-4	0.23	colorectal cancer
Colo_rep1_Dep6_Tu0.1	2.874194231112524E-4	0.01	breast cancer
Colo_rep7_Dep6_Tu5	3.0358744233441147E-4	0.01	breast cancer
Colo_rep7_Dep6_Tu0.1	2.937352488590866E-4	0.01	colorectal cancer
Colo_rep6_Dep6_Tu40	9.844517401436193E-4	0.41	colorectal cancer
Colo_rep8_Dep6_Tu2	3.6458603130836315E-4	0.01	breast cancer
Colo_rep7_Dep6_Tu0.5	3.451494406929145E-4	0.01	colorectal cancer
Colo_rep5_Dep6_Tu20	7.727607123058E-4	0.23	colorectal cancer
Colo_rep8_Dep6_Tu0.3	3.6756549983568514E-4	0.01	breast cancer
Colo_rep4_Dep6_Tu5	4.1721426285670527E-4	0.01	colorectal cancer
Colo_rep9_Dep6_Tu1	2.9295773580491265E-4	0.01	breast cancer
Colo_rep1_Dep6_Tu0.5	3.665782404783948E-4	0.01	colorectal cancer
Colo_rep8_Dep6_Tu3	3.402278724504685E-4	0.01	breast cancer
Colo_rep5_Dep6_Tu0.3	3.4797056649603185E-4	0.01	colorectal cancer
Colo_rep2_Dep6_Tu30	0.001254536871872507	0.41	colorectal cancer
Colo_rep7_Dep6_Tu10	3.5037814158840825E-4	0.15	ovarian cancer
Colo_rep2_Dep6_Tu40	0.0012724944212083081	0.41	colorectal cancer
Colo_rep3_Dep6_Tu0.1	4.3192184380969577E-4	0.01	breast cancer
Colo_rep3_Dep6_Tu1	3.9636888916062173E-4	0.01	breast cancer
Colo_rep8_Dep6_Tu1	3.878959043322617E-4	0.01	breast cancer
Colo_rep4_Dep6_Tu1	4.339803616815752E-4	0.01	colorectal cancer
Colo_rep5_Dep6_Tu40	0.0011507646442648549	0.41	colorectal cancer
Colo_rep5_Dep6_Tu10	4.282178140253974E-4	0.15	ovarian cancer
Colo_rep2_Dep6_Tu0.3	3.019278366117692E-4	0.01	breast cancer
Colo_rep10_Dep6_Tu30	8.734371337539177E-4	0.23	colorectal cancer
Colo_rep1_Dep6_Tu40	0.0014083187436072068	0.41	colorectal cancer
Colo_rep6_Dep6_Tu0.1	2.984304285259509E-4	0.02	breast cancer
Colo_rep7_Dep6_Tu40	0.00140363786680639	0.41	colorectal cancer
Colo_rep1_Dep6_Tu50	0.001968461915179892	0.5	colorectal cancer
Colo_rep1_Dep6_Tu0.3	3.7275253799114833E-4	0.01	colorectal cancer
Colo_rep9_Dep6_Tu20	4.1990982219553593E-4	0.18	ovarian cancer
Colo_rep4_Dep6_Tu10	4.1412436201280497E-4	0.17	ovarian cancer
Colo_rep6_Dep6_Tu5	3.522529625177057E-4	0.01	colorectal cancer
Colo_rep9_Dep6_Tu5	4.184148903919299E-4	0.01	breast cancer
Colo_rep3_Dep6_Tu50	0.0015733189024685983	0.48	colorectal cancer
Colo_rep5_Dep6_Tu1	3.877423335678523E-4	0.01	breast cancer
Colo_rep5_Dep6_Tu3	3.297231149086302E-4	0.01	colorectal cancer
Colo_rep2_Dep6_Tu1	3.486557433935731E-4	0.01	breast cancer
Colo_rep7_Dep6_Tu1	3.1815982853727773E-4	0.01	breast cancer
Colo_rep5_Dep6_Tu2	4.577280614067003E-4	0.01	breast cancer
Colo_rep4_Dep6_Tu40	0.001503865559293606	0.41	colorectal cancer
Colo_rep2_Dep6_Tu20	9.373350314142891E-4	0.41	colorectal cancer
Colo_rep4_Dep6_Tu0.5	3.2641923730428234E-4	0.01	colorectal cancer
Colo_rep2_Dep6_Tu5	3.600277553868652E-4	0.01	breast cancer
Colo_rep2_Dep6_Tu3	3.5078579564056943E-4	0.01	ovarian cancer
Colo_rep3_Dep6_Tu10	3.6948408736728317E-4	0.11	ovarian cancer
Colo_rep8_Dep6_Tu0.5	3.8468223414958645E-4	0.01	colorectal cancer
Colo_rep7_Dep6_Tu3	3.471304562419168E-4	0.01	colorectal cancer
Colo_rep3_Dep6_Tu0.5	4.437528156436735E-4	0.01	breast cancer
Colo_rep3_Dep6_Tu20	3.0516588202984053E-4	0.23	colorectal cancer
Colo_rep1_Dep6_Tu2	4.329531331919335E-6	0.15	ovarian cancer
Colo_rep9_Dep6_Tu50	0.0013411202340141341	0.5	colorectal cancer
Colo_rep3_Dep6_Tu0.3	3.856768835151823E-4	0.01	colorectal cancer
Colo_rep1_Dep6_Tu3	3.7294779218185374E-4	0.01	colorectal cancer
Colo9345_rep1_Dep6_Tu5	0.0012427610510229664	0.34	breast cancer
Colo9345_rep8_Dep6_Tu30	0.0020691377976716167	0.47	colorectal cancer
Colo9345_rep5_Dep6_Tu1	6.947862732217235E-4	0.21	colorectal cancer
Colo9345_rep5_Dep6_Tu20	0.0011678649580791564	0.73	colorectal cancer
Colo9345_rep7_Dep6_Tu20	4.939209529828969E-4	0.65	colorectal cancer
Colo9345_rep6_Dep6_Tu2	8.759749119382755E-4	0.23	colorectal cancer
Colo9345_rep10_Dep6_Tu10	0.001225745201478771	0.23	colorectal cancer
Colo9345_rep1_Dep6_Tu10	0.0020359052725764017	0.5	colorectal cancer
Colo9345_rep3_Dep6_Tu30	0.0	0	normal
Colo9345_rep6_Dep6_Tu1	6.434624356268932E-4	0.16	colorectal cancer
Colo9345_rep2_Dep6_Tu10	0.0014292839104660519	0.5	colorectal cancer
Colo9345_rep6_Dep6_Tu5	0.0014383202249087102	0.26	colorectal cancer
Colo9345_rep5_Dep6_Tu10	0.0015404170759370978	0.47	colorectal cancer
Colo9345_rep5_Dep6_Tu40	3.35202215240528E-5	0.77	colorectal cancer
Colo9345_rep1_Dep6_Tu0.1	3.0958871726427604E-4	0.01	breast cancer
Colo9345_rep3_Dep6_Tu10	0.0019701561199848864	0.41	colorectal cancer
Colo9345_rep4_Dep6_Tu2	6.011305613237828E-4	0.15	breast cancer
Colo9345_rep2_Dep6_Tu20	8.54645277179579E-4	0.74	colorectal cancer
Colo9345_rep3_Dep6_Tu50	2.102308486688685E-4	0.73	breast cancer
Colo9345_rep6_Dep6_Tu0.1	3.797720972649486E-4	0.01	colorectal cancer
Colo9345_rep3_Dep6_Tu40	1.4658773570338414E-4	0.77	colorectal cancer
Colo9345_rep6_Dep6_Tu3	0.001259203700409334	0.23	colorectal cancer
Colo9345_rep9_Dep6_Tu50	0.0013436056032865823	0.6	colorectal cancer
Colo9345_rep1_Dep6_Tu3	0.0013381368338550672	0.23	colorectal cancer
Colo9345_rep6_Dep6_Tu30	1.986626930489755E-4	0.77	colorectal cancer
Colo9345_rep1_Dep6_Tu20	8.881415873469072E-4	0.73	colorectal cancer
Colo9345_rep4_Dep6_Tu0.5	6.07841200941456E-4	0.15	ovarian cancer
Colo9345_rep9_Dep6_Tu10	0.0011703301308500149	0.21	colorectal cancer
Colo9345_rep3_Dep6_Tu1	3.2938636856742764E-4	0.17	ovarian cancer
Colo9345_rep7_Dep6_Tu0.1	2.892271309864022E-4	0.01	colorectal cancer
Colo9345_rep4_Dep6_Tu20	3.910046959082145E-4	0.65	colorectal cancer
Colo9345_rep7_Dep6_Tu5	0.0012866990221069821	0.41	colorectal cancer
Colo9345_rep10_Dep6_Tu50	0.0012047934185662216	0.6	colorectal cancer
Colo9345_rep2_Dep6_Tu50	0.0	0	normal
Colo9345_rep10_Dep6_Tu40	0.0013894317951819407	0.58	colorectal cancer
Colo9345_rep9_Dep6_Tu20	0.0010777857780648371	0.23	breast cancer
Colo9345_rep8_Dep6_Tu3	4.79640011554388E-4	0.16	colorectal cancer
Colo9345_rep5_Dep6_Tu3	0.0013338612884982192	0.23	colorectal cancer
Colo9345_rep1_Dep6_Tu40	0.0	0	normal
Colo9345_rep9_Dep6_Tu0.3	3.7268862742976535E-4	0.01	breast cancer
Colo9345_rep4_Dep6_Tu1	6.287782045344385E-4	0.16	colorectal cancer
Colo9345_rep10_Dep6_Tu20	0.0019692413604933566	0.34	colorectal cancer
Colo9345_rep1_Dep6_Tu1	4.8826914399150757E-4	0.17	ovarian cancer
Colo9345_rep6_Dep6_Tu50	0.0	0	normal
Colo9345_rep7_Dep6_Tu0.5	4.967683400732263E-4	0.12	colorectal cancer
Colo9345_rep10_Dep6_Tu0.3	3.786640634196653E-4	0.01	colorectal cancer
Colo9345_rep9_Dep6_Tu3	5.473579459970819E-4	0.17	ovarian cancer
Colo9345_rep3_Dep6_Tu0.1	4.558756051490834E-4	0.11	ovarian cancer
Colo9345_rep6_Dep6_Tu20	0.0013069438281457261	0.6	colorectal cancer
Colo9345_rep8_Dep6_Tu0.5	1.6989919678376546E-4	0.01	colorectal cancer
Colo9345_rep9_Dep6_Tu0.5	2.706911902807345E-4	0.01	colorectal cancer
Colo9345_rep9_Dep6_Tu2	4.593458372980213E-4	0.15	ovarian cancer
Colo9345_rep8_Dep6_Tu0.3	3.5576543787320196E-4	0.01	breast cancer
Colo9345_rep6_Dep6_Tu0.5	4.91920759005063E-4	0.12	ovarian cancer
Colo9345_rep4_Dep6_Tu0.1	2.2937736989980955E-4	0.01	colorectal cancer
Colo9345_rep1_Dep6_Tu0.3	3.9175297671642387E-4	0.01	colorectal cancer
Colo9345_rep5_Dep6_Tu30	9.589252010718397E-4	0.77	colorectal cancer
Colo9345_rep2_Dep6_Tu2	0.001005701675109467	0.21	colorectal cancer
Colo9345_rep4_Dep6_Tu40	2.9429201416693226E-4	0.77	colorectal cancer
Colo9345_rep7_Dep6_Tu30	6.027865944352145E-4	0.73	colorectal cancer
Colo9345_rep5_Dep6_Tu0.3	4.4249752319130715E-4	0.01	colorectal cancer
Colo9345_rep5_Dep6_Tu0.5	5.60276706104876E-4	0.17	ovarian cancer
Colo9345_rep2_Dep6_Tu1	6.261358239231397E-4	0.21	colorectal cancer
Colo9345_rep2_Dep6_Tu3	5.679550687427128E-4	0.23	colorectal cancer
Colo9345_rep4_Dep6_Tu30	3.406691693366323E-4	0.73	colorectal cancer
Colo9345_rep7_Dep6_Tu2	8.16394181021094E-4	0.21	colorectal cancer
Colo9345_rep8_Dep6_Tu40	0.0017024875709925837	0.58	colorectal cancer
Colo9345_rep10_Dep6_Tu3	4.223507764031708E-4	0.16	colorectal cancer
Colo9345_rep3_Dep6_Tu0.3	4.110530998899827E-4	0.15	ovarian cancer
Colo9345_rep5_Dep6_Tu0.1	3.2436874752240634E-4	0.01	breast cancer
Colo9345_rep2_Dep6_Tu0.5	3.8688270477983704E-4	0.16	colorectal cancer
Colo9345_rep6_Dep6_Tu10	0.001668541365498151	0.47	colorectal cancer
Colo9345_rep9_Dep6_Tu0.1	3.559572927613871E-4	0.01	colorectal cancer
Colo9345_rep7_Dep6_Tu10	0.0013776418425107035	0.41	colorectal cancer
Colo9345_rep10_Dep6_Tu2	5.991616339153928E-4	0.15	ovarian cancer
Colo9345_rep7_Dep6_Tu40	0.0	0	normal
Colo9345_rep8_Dep6_Tu20	0.0011459489136658293	0.23	breast cancer
Colo9345_rep3_Dep6_Tu5	0.0017128869723265685	0.41	colorectal cancer
Colo9345_rep5_Dep6_Tu2	7.366612730696978E-4	0.17	colorectal cancer
Colo9345_rep1_Dep6_Tu30	8.854099568474841E-4	0.77	colorectal cancer
Colo9345_rep10_Dep6_Tu1	3.5393610761926534E-4	0.01	breast cancer
Colo9345_rep4_Dep6_Tu10	0.0024519844676781583	0.47	colorectal cancer
Colo9345_rep3_Dep6_Tu3	0.0016000149958168505	0.23	colorectal cancer
Colo9345_rep5_Dep6_Tu50	0.0	0	normal
Colo9345_rep2_Dep6_Tu40	0.0	0	normal
Colo9345_rep1_Dep6_Tu2	6.270048442328615E-4	0.16	breast cancer
Colo9345_rep2_Dep6_Tu5	0.001046427733215486	0.41	colorectal cancer
Colo9345_rep2_Dep6_Tu0.1	3.5387769598484414E-4	0.01	breast cancer
Colo9345_rep10_Dep6_Tu5	7.528469618979887E-4	0.12	colorectal cancer
Colo9345_rep1_Dep6_Tu0.5	6.276113698807121E-4	0.15	ovarian cancer
Colo9345_rep8_Dep6_Tu10	0.0013833753907810194	0.23	colorectal cancer
Colo9345_rep9_Dep6_Tu5	5.314815779286605E-4	0.14	breast cancer
Colo9345_rep7_Dep6_Tu1	7.789831939298465E-4	0.16	colorectal cancer
Colo9345_rep5_Dep6_Tu5	0.0012943462435475114	0.23	colorectal cancer
Colo9345_rep7_Dep6_Tu50	0.0	0	normal
Colo9345_rep3_Dep6_Tu20	0.0	0	normal
Colo9345_rep8_Dep6_Tu1	3.5171997069551443E-4	0.01	breast cancer
Colo9345_rep4_Dep6_Tu5	0.0011787921359242145	0.28	breast cancer
Colo9345_rep10_Dep6_Tu30	0.0011411008053663486	0.47	colorectal cancer
Colo9345_rep10_Dep6_Tu0.5	3.167145147194768E-4	0.01	colorectal cancer
Colo9345_rep8_Dep6_Tu2	6.538468963606417E-4	0.17	colorectal cancer
Colo9345_rep7_Dep6_Tu0.3	3.9254005025524195E-4	0.01	colorectal cancer
Colo9345_rep4_Dep6_Tu3	0.0010020575280473604	0.21	breast cancer
Colo9345_rep3_Dep6_Tu0.5	5.164011131525046E-4	0.01	breast cancer
Colo9345_rep8_Dep6_Tu50	0.001692956202835484	0.6	colorectal cancer
Colo9345_rep2_Dep6_Tu30	7.910305330884256E-4	0.77	colorectal cancer
Colo9345_rep8_Dep6_Tu5	6.242464475113615E-4	0.16	colorectal cancer
Colo9345_rep1_Dep6_Tu50	0.0	0	normal
Colo9345_rep8_Dep6_Tu0.1	2.715411615875175E-4	0.01	breast cancer
Colo9345_rep6_Dep6_Tu0.3	4.7144574502228125E-4	0.01	breast cancer
Colo9345_rep9_Dep6_Tu1	3.291487586662918E-4	0.01	breast cancer
Colo9345_rep7_Dep6_Tu3	0.001116824887056177	0.41	colorectal cancer
Colo9345_rep9_Dep6_Tu40	0.0011406202271290733	0.6	colorectal cancer
Colo9345_rep3_Dep6_Tu2	8.249781241863693E-4	0.17	colorectal cancer
Colo9345_rep2_Dep6_Tu0.3	4.527762404001066E-4	0.21	colorectal cancer
Colo9345_rep4_Dep6_Tu0.3	4.2458861275940826E-4	0.15	ovarian cancer
Colo9345_rep9_Dep6_Tu30	5.125328650891192E-4	0.34	breast cancer
Colo9345_rep6_Dep6_Tu40	0.0	0	normal
Colo9345_rep10_Dep6_Tu0.1	3.642119847588276E-4	0.01	breast cancer
Colo9345_rep4_Dep6_Tu50	5.337674781735314E-4	0.77	breast cancer
Ov79_rep2_Dep6_Tu5	3.197132580138564E-4	0.01	breast cancer
Ov79_rep8_Dep6_Tu30	0.0010765354166356132	0.41	ovarian cancer
Ov79_rep6_Dep6_Tu0.3	4.4071940397538624E-4	0.01	breast cancer
Ov79_rep1_Dep6_Tu3	3.455156163067005E-4	0.01	colorectal cancer
Ov79_rep1_Dep6_Tu50	0.0015152333816502903	0.44	ovarian cancer
Ov79_rep7_Dep6_Tu50	0.001136756413069304	0.41	ovarian cancer
Ov79_rep4_Dep6_Tu50	0.0014230309973662276	0.41	ovarian cancer
Ov79_rep2_Dep6_Tu3	3.3025365246661874E-4	0.01	colorectal cancer
Ov79_rep7_Dep6_Tu1	3.237551496357387E-4	0.01	colorectal cancer
Ov79_rep9_Dep6_Tu5	3.779520587724781E-4	0.17	ovarian cancer
Ov79_rep3_Dep6_Tu1	4.182536270539938E-4	0.01	breast cancer
Ov79_rep5_Dep6_Tu3	2.667291517839205E-4	0.01	colorectal cancer
Ov79_rep10_Dep6_Tu0.3	3.578188087416047E-4	0.01	colorectal cancer
Ov79_rep8_Dep6_Tu2	2.728756841065717E-4	0.21	colorectal cancer
Ov79_rep1_Dep6_Tu0.5	3.524313485176236E-4	0.01	colorectal cancer
Ov79_rep3_Dep6_Tu0.3	4.204822173180858E-4	0.01	colorectal cancer
Ov79_rep8_Dep6_Tu50	0.0010944771717150625	0.54	ovarian cancer
Ov79_rep9_Dep6_Tu0.3	3.556721658436211E-4	0.01	breast cancer
Ov79_rep7_Dep6_Tu2	3.0833019460794407E-4	0.01	colorectal cancer
Ov79_rep7_Dep6_Tu30	7.315215444586539E-4	0.41	colorectal cancer
Ov79_rep5_Dep6_Tu50	0.0012250150528240822	0.41	ovarian cancer
Ov79_rep6_Dep6_Tu0.5	3.483743313741335E-4	0.01	breast cancer
Ov79_rep2_Dep6_Tu2	3.2087651906701284E-4	0.01	colorectal cancer
Ov79_rep3_Dep6_Tu30	8.619154205461778E-4	0.21	breast cancer
Ov79_rep9_Dep6_Tu3	4.8298612134941405E-4	0.01	breast cancer
Ov79_rep10_Dep6_Tu2	4.596169578932067E-4	0.15	ovarian cancer
Ov79_rep10_Dep6_Tu1	3.164478160879784E-4	0.01	breast cancer
Ov79_rep6_Dep6_Tu5	3.9896493518608794E-4	0.01	colorectal cancer
Ov79_rep2_Dep6_Tu0.3	2.99787058362737E-4	0.01	breast cancer
Ov79_rep4_Dep6_Tu20	0.001046253000148589	0.25	ovarian cancer
Ov79_rep1_Dep6_Tu0.1	2.8713287852237844E-4	0.01	breast cancer
Ov79_rep4_Dep6_Tu10	4.841444706371347E-4	0.21	ovarian cancer
Ov79_rep4_Dep6_Tu30	9.82547320578274E-4	0.34	ovarian cancer
Ov79_rep5_Dep6_Tu10	4.956691256181843E-4	0.21	ovarian cancer
Ov79_rep7_Dep6_Tu3	3.5472664845440224E-4	0.01	colorectal cancer
Ov79_rep9_Dep6_Tu50	0.0016971869407319399	0.47	ovarian cancer
Ov79_rep10_Dep6_Tu0.5	3.028343604607896E-4	0.01	colorectal cancer
Ov79_rep7_Dep6_Tu40	0.0010812418974686696	0.41	colorectal cancer
Ov79_rep7_Dep6_Tu0.1	2.860076631708014E-4	0.01	colorectal cancer
Ov79_rep9_Dep6_Tu0.1	3.5679509145006337E-4	0.01	colorectal cancer
Ov79_rep1_Dep6_Tu5	4.3083039066581203E-4	0.11	ovarian cancer
Ov79_rep9_Dep6_Tu30	0.0014552537930830629	0.34	ovarian cancer
Ov79_rep2_Dep6_Tu0.1	3.4306890570954846E-4	0.01	breast cancer
Ov79_rep7_Dep6_Tu20	8.32145366754658E-4	0.23	ovarian cancer
Ov79_rep7_Dep6_Tu5	1.540125434049748E-4	0.18	ovarian cancer
Ov79_rep2_Dep6_Tu10	5.516192714758599E-4	0.22	ovarian cancer
Ov79_rep8_Dep6_Tu0.1	2.629302029602718E-4	0.01	breast cancer
Ov79_rep8_Dep6_Tu5	3.931323847227976E-4	0.15	ovarian cancer
Ov79_rep1_Dep6_Tu10	7.174951994757008E-4	0.22	ovarian cancer
Ov79_rep1_Dep6_Tu1	2.3321680648006127E-4	0.01	colorectal cancer
Ov79_rep10_Dep6_Tu10	4.4708556631984443E-4	0.17	ovarian cancer
Ov79_rep2_Dep6_Tu50	0.0011548413314082752	0.41	colorectal cancer
Ov79_rep3_Dep6_Tu20	5.010274955797665E-4	0.23	colorectal cancer
Ov79_rep3_Dep6_Tu0.1	4.318009297998889E-4	0.01	breast cancer
Ov79_rep10_Dep6_Tu3	3.5995476725385567E-4	0.01	breast cancer
Ov79_rep5_Dep6_Tu2	4.0053273049544944E-4	0.01	breast cancer
Ov79_rep10_Dep6_Tu0.1	3.4128987254038786E-4	0.01	ovarian cancer
Ov79_rep6_Dep6_Tu3	3.817417192533712E-4	0.01	colorectal cancer
Ov79_rep4_Dep6_Tu0.3	3.9896022787978927E-4	0.01	colorectal cancer
Ov79_rep4_Dep6_Tu3	3.333390101231566E-4	0.01	breast cancer
Ov79_rep3_Dep6_Tu10	2.704636366404548E-4	0.17	ovarian cancer
Ov79_rep3_Dep6_Tu5	3.560149455537676E-4	0.15	ovarian cancer
Ov79_rep7_Dep6_Tu0.3	2.9145389388477236E-4	0.01	colorectal cancer
Ov79_rep8_Dep6_Tu3	2.860231315852419E-4	0.01	breast cancer
Ov79_rep1_Dep6_Tu20	0.0011929695596899462	0.34	ovarian cancer
Ov79_rep5_Dep6_Tu0.5	2.9138404964186413E-4	0.01	breast cancer
Ov79_rep7_Dep6_Tu10	4.637721636609244E-4	0.17	ovarian cancer
Ov79_rep8_Dep6_Tu0.5	3.871489726334463E-4	0.01	colorectal cancer
Ov79_rep4_Dep6_Tu0.5	3.301117509537669E-4	0.01	colorectal cancer
Ov79_rep2_Dep6_Tu40	0.0010001989083183815	0.41	colorectal cancer
Ov79_rep9_Dep6_Tu10	6.064098044237041E-4	0.17	ovarian cancer
Ov79_rep3_Dep6_Tu50	8.717640264591645E-4	0.54	ovarian cancer
Ov79_rep10_Dep6_Tu50	6.768825805791171E-4	0.41	breast cancer
Ov79_rep1_Dep6_Tu30	9.014688300151014E-4	0.23	breast cancer
Ov79_rep8_Dep6_Tu20	9.921336038197371E-4	0.31	ovarian cancer
Ov79_rep6_Dep6_Tu40	8.068935100782401E-4	0.41	ovarian cancer
Ov79_rep6_Dep6_Tu20	6.44172920334938E-4	0.23	ovarian cancer
Ov79_rep10_Dep6_Tu30	0.0012186950619216123	0.34	ovarian cancer
Ov79_rep4_Dep6_Tu0.1	2.789475306877822E-4	0.01	colorectal cancer
Ov79_rep5_Dep6_Tu20	7.565616042226116E-4	0.21	ovarian cancer
Ov79_rep2_Dep6_Tu30	6.533889511340177E-4	0.41	colorectal cancer
Ov79_rep5_Dep6_Tu40	0.0012480509344435435	0.5	ovarian cancer
Ov79_rep8_Dep6_Tu0.3	3.5382801770745826E-4	0.01	breast cancer
Ov79_rep4_Dep6_Tu40	0.0012604108048223936	0.48	colorectal cancer
Ov79_rep3_Dep6_Tu0.5	4.412002905920656E-4	0.01	breast cancer
Ov79_rep6_Dep6_Tu10	5.475532311484129E-4	0.17	ovarian cancer
Ov79_rep8_Dep6_Tu1	3.440451945749011E-4	0.01	breast cancer
Ov79_rep9_Dep6_Tu2	3.2461572122103195E-4	0.01	breast cancer
Ov79_rep6_Dep6_Tu0.1	3.694564854264592E-4	0.01	colorectal cancer
Ov79_rep5_Dep6_Tu0.1	3.0976023590948814E-4	0.01	breast cancer
Ov79_rep10_Dep6_Tu20	8.331952556316395E-4	0.17	ovarian cancer
Ov79_rep5_Dep6_Tu0.3	3.4644239113274303E-4	0.01	colorectal cancer
Ov79_rep10_Dep6_Tu5	3.225497037839421E-4	0.01	colorectal cancer
Ov79_rep5_Dep6_Tu5	3.880897559464111E-4	0.15	ovarian cancer
Ov79_rep1_Dep6_Tu40	0.00112538692827033	0.41	ovarian cancer
Ov79_rep8_Dep6_Tu40	0.0011795491551526783	0.49	ovarian cancer
Ov79_rep6_Dep6_Tu50	0.0014140488188048445	0.47	ovarian cancer
Ov79_rep2_Dep6_Tu20	9.335102458634592E-4	0.25	ovarian cancer
Ov79_rep1_Dep6_Tu0.3	3.7168953069534875E-4	0.01	colorectal cancer
Ov79_rep6_Dep6_Tu1	3.1478376687441115E-4	0.01	colorectal cancer
Ov79_rep8_Dep6_Tu10	4.872109153681903E-4	0.01	breast cancer
Ov79_rep9_Dep6_Tu20	9.676711374548781E-4	0.26	ovarian cancer
Ov79_rep6_Dep6_Tu2	4.0422593984870746E-4	0.01	ovarian cancer
Ov79_rep10_Dep6_Tu40	0.0015036386813155713	0.47	ovarian cancer
Ov79_rep4_Dep6_Tu1	4.218586415790581E-4	0.01	colorectal cancer
Ov79_rep1_Dep6_Tu2	3.2933215467063296E-4	0.01	breast cancer
Ov79_rep3_Dep6_Tu2	3.7394587921232267E-4	0.01	colorectal cancer
Ov79_rep4_Dep6_Tu2	3.9236919325497447E-4	0.01	breast cancer
Ov79_rep9_Dep6_Tu40	0.0010870540518158828	0.54	ovarian cancer
Ov79_rep4_Dep6_Tu5	5.679665461014943E-4	0.17	ovarian cancer
Ov79_rep2_Dep6_Tu0.5	2.871856787946909E-4	0.01	breast cancer
Ov79_rep5_Dep6_Tu30	0.0010424789263943854	0.36	ovarian cancer
Ov79_rep3_Dep6_Tu40	0.0014795440034458137	0.52	ovarian cancer
Ov79_rep6_Dep6_Tu30	9.835209819146911E-4	0.41	ovarian cancer
Ov79_rep2_Dep6_Tu1	3.252440564895037E-4	0.01	breast cancer
Ov79_rep3_Dep6_Tu3	2.0343466035663898E-4	0.01	breast cancer
Ov79_rep9_Dep6_Tu0.5	2.457648726615563E-4	0.01	colorectal cancer
Ov79_rep9_Dep6_Tu1	3.0396423252294533E-4	0.01	breast cancer
Ov79_rep5_Dep6_Tu1	3.77355566352974E-4	0.01	breast cancer
Ov79_rep7_Dep6_Tu0.5	3.0325332265762953E-4	0.01	colorectal cancer
Ov9433_rep10_Dep6_Tu5	5.72065435877503E-4	0.17	ovarian cancer
Ov9433_rep6_Dep6_Tu20	0.0010269850991220777	0.16	breast cancer
Ov9433_rep8_Dep6_Tu5	7.089070794292937E-4	0.17	ovarian cancer
Ov9433_rep2_Dep6_Tu5	4.8281036750313065E-4	0.16	colorectal cancer
Ov9433_rep5_Dep6_Tu0.5	3.245580717327079E-4	0.11	ovarian cancer
Ov9433_rep5_Dep6_Tu5	5.567920312314363E-4	0.15	ovarian cancer
Ov9433_rep8_Dep6_Tu30	0.0016428380299007225	0.23	breast cancer
Ov9433_rep6_Dep6_Tu0.3	4.399145955522405E-4	0.01	breast cancer
Ov9433_rep1_Dep6_Tu0.3	3.5017934291872705E-4	0.01	colorectal cancer
Ov9433_rep2_Dep6_Tu10	6.585618579922314E-4	0.22	colorectal cancer
Ov9433_rep4_Dep6_Tu20	0.0010248801222068537	0.17	breast cancer
Ov9433_rep3_Dep6_Tu10	6.460511794136128E-4	0.17	ovarian cancer
Ov9433_rep4_Dep6_Tu0.3	4.5955981549810466E-4	0.01	colorectal cancer
Ov9433_rep9_Dep6_Tu0.1	3.6657881627298654E-4	0.01	colorectal cancer
Ov9433_rep10_Dep6_Tu0.5	3.1573125880336977E-4	0.01	colorectal cancer
Ov9433_rep6_Dep6_Tu30	0.0010176661288280864	0.23	breast cancer
Ov9433_rep1_Dep6_Tu2	3.0836795086732475E-4	0.01	breast cancer
Ov9433_rep1_Dep6_Tu5	4.418457284007551E-4	0.02	breast cancer
Ov9433_rep5_Dep6_Tu1	4.822248465180944E-4	0.01	breast cancer
Ov9433_rep9_Dep6_Tu5	3.77891831786814E-4	0.01	colorectal cancer
Ov9433_rep9_Dep6_Tu0.3	3.5661516248453783E-4	0.01	breast cancer
Ov9433_rep4_Dep6_Tu10	8.258133643375698E-4	0.28	ovarian cancer
Ov9433_rep1_Dep6_Tu3	5.363337734407662E-4	0.11	ovarian cancer
Ov9433_rep4_Dep6_Tu50	0.0021353087616188906	0.41	breast cancer
Ov9433_rep9_Dep6_Tu30	0.001096260606332926	0.24	breast cancer
Ov9433_rep4_Dep6_Tu2	4.038334743717402E-4	0.01	colorectal cancer
Ov9433_rep7_Dep6_Tu3	5.034876392217889E-4	0.01	colorectal cancer
Ov9433_rep8_Dep6_Tu1	3.7890236200720955E-4	0.01	breast cancer
Ov9433_rep2_Dep6_Tu30	0.0020209352498964687	0.28	breast cancer
Ov9433_rep7_Dep6_Tu1	4.0363155318516965E-4	0.01	colorectal cancer
Ov9433_rep6_Dep6_Tu3	4.5830631109473576E-4	0.01	colorectal cancer
Ov9433_rep8_Dep6_Tu0.3	3.999274309300841E-4	0.01	breast cancer
Ov9433_rep5_Dep6_Tu3	4.1591898836559725E-4	0.15	ovarian cancer
Ov9433_rep4_Dep6_Tu0.1	2.9312941088654565E-4	0.01	colorectal cancer
Ov9433_rep2_Dep6_Tu40	0.0019153671144814535	0.29	breast cancer
Ov9433_rep2_Dep6_Tu20	9.684820307339286E-4	0.34	ovarian cancer
Ov9433_rep10_Dep6_Tu3	4.959796840078853E-4	0.01	colorectal cancer
Ov9433_rep4_Dep6_Tu3	4.793715778517082E-4	0.15	ovarian cancer
Ov9433_rep2_Dep6_Tu3	6.079428756439626E-4	0.15	ovarian cancer
Ov9433_rep3_Dep6_Tu50	0.0017762037457565525	0.34	breast cancer
Ov9433_rep6_Dep6_Tu2	5.086537701667226E-4	0.01	ovarian cancer
Ov9433_rep1_Dep6_Tu30	0.001275855468750402	0.23	breast cancer
Ov9433_rep9_Dep6_Tu40	0.0022164436110291112	0.34	breast cancer
Ov9433_rep8_Dep6_Tu0.1	2.52466595944272E-4	0.01	colorectal cancer
Ov9433_rep7_Dep6_Tu0.5	3.664787786702078E-4	0.05	ovarian cancer
Ov9433_rep7_Dep6_Tu0.1	2.921786575240596E-4	0.01	colorectal cancer
Ov9433_rep9_Dep6_Tu2	3.735705258659166E-4	0.01	breast cancer
Ov9433_rep3_Dep6_Tu2	4.2707104804929306E-4	0.01	colorectal cancer
Ov9433_rep4_Dep6_Tu40	0.0018291851663567965	0.32	breast cancer
Ov9433_rep9_Dep6_Tu10	4.112546934934845E-4	0.09	breast cancer
Ov9433_rep9_Dep6_Tu50	0.0013646606119491434	0.41	breast cancer
Ov9433_rep2_Dep6_Tu1	3.537666675899039E-4	0.01	ovarian cancer
Ov9433_rep8_Dep6_Tu3	4.3579180356005974E-4	0.15	ovarian cancer
Ov9433_rep3_Dep6_Tu40	0.0017331287036323104	0.34	breast cancer
Ov9433_rep6_Dep6_Tu40	0.0017949546828376953	0.34	breast cancer
Ov9433_rep6_Dep6_Tu50	0.0021156110096345417	0.34	breast cancer
Ov9433_rep5_Dep6_Tu2	4.3632231692525134E-4	0.11	ovarian cancer
Ov9433_rep9_Dep6_Tu3	4.967580096166735E-4	0.17	ovarian cancer
Ov9433_rep10_Dep6_Tu40	0.0014037018653154118	0.34	breast cancer
Ov9433_rep1_Dep6_Tu50	0.002063264222485574	0.34	breast cancer
Ov9433_rep6_Dep6_Tu5	4.932659502506116E-4	0.11	ovarian cancer
Ov9433_rep2_Dep6_Tu2	3.690602367863356E-4	0.01	breast cancer
Ov9433_rep9_Dep6_Tu0.5	2.496560543009508E-4	0.01	breast cancer
Ov9433_rep3_Dep6_Tu5	4.84302428013912E-4	0.15	ovarian cancer
Ov9433_rep4_Dep6_Tu1	4.404582886565845E-4	0.01	colorectal cancer
Ov9433_rep3_Dep6_Tu1	4.2857101314566006E-4	0.01	breast cancer
Ov9433_rep1_Dep6_Tu0.5	3.7330690759754313E-4	0.01	colorectal cancer
Ov9433_rep5_Dep6_Tu0.1	3.0960688503723694E-4	0.01	breast cancer
Ov9433_rep7_Dep6_Tu0.3	3.1894640275975363E-4	0.01	breast cancer
Ov9433_rep1_Dep6_Tu40	0.001383395828662569	0.41	colorectal cancer
Ov9433_rep8_Dep6_Tu2	5.111594411848586E-4	0.17	ovarian cancer
Ov9433_rep2_Dep6_Tu0.3	3.274758792871296E-4	0.01	breast cancer
Ov9433_rep7_Dep6_Tu20	0.0012034783188705589	0.16	breast cancer
Ov9433_rep6_Dep6_Tu0.5	3.7488056985771794E-4	0.01	breast cancer
Ov9433_rep8_Dep6_Tu40	0.0018429944462624679	0.41	breast cancer
Ov9433_rep10_Dep6_Tu30	0.0014507482614356676	0.23	breast cancer
Ov9433_rep7_Dep6_Tu50	0.0019367382773194505	0.41	breast cancer
Ov9433_rep1_Dep6_Tu1	3.1218396559198647E-4	0.01	colorectal cancer
Ov9433_rep2_Dep6_Tu0.5	3.4490075671159045E-4	0.01	breast cancer
Ov9433_rep1_Dep6_Tu10	7.062848453655617E-4	0.23	ovarian cancer
Ov9433_rep5_Dep6_Tu0.3	3.483908243995085E-4	0.01	colorectal cancer
Ov9433_rep7_Dep6_Tu40	0.0015830607515724636	0.28	breast cancer
Ov9433_rep8_Dep6_Tu50	0.0018191668380064408	0.34	breast cancer
Ov9433_rep5_Dep6_Tu50	0.0018930406928694113	0.34	breast cancer
Ov9433_rep4_Dep6_Tu5	6.333889701297639E-4	0.21	colorectal cancer
Ov9433_rep3_Dep6_Tu3	2.8912414130391825E-4	0.01	breast cancer
Ov9433_rep8_Dep6_Tu0.5	3.931779348439878E-4	0.01	colorectal cancer
Ov9433_rep9_Dep6_Tu20	0.0011874718433856233	0.17	breast cancer
Ov9433_rep10_Dep6_Tu0.3	4.060342777738635E-4	0.01	ovarian cancer
Ov9433_rep5_Dep6_Tu40	0.0015501527046574647	0.28	breast cancer
Ov9433_rep2_Dep6_Tu50	0.0015806254537403175	0.34	breast cancer
Ov9433_rep1_Dep6_Tu20	9.938823475553324E-4	0.34	ovarian cancer
Ov9433_rep3_Dep6_Tu0.1	4.491698164988486E-4	0.01	breast cancer
Ov9433_rep5_Dep6_Tu20	0.0011395565953821476	0.17	breast cancer
Ov9433_rep3_Dep6_Tu30	0.0013837497564621588	0.24	breast cancer
Ov9433_rep6_Dep6_Tu0.1	3.6953950390167657E-4	0.01	colorectal cancer
Ov9433_rep5_Dep6_Tu30	0.0014976920856174935	0.23	breast cancer
Ov9433_rep3_Dep6_Tu0.3	4.212395247641976E-4	0.01	colorectal cancer
Ov9433_rep9_Dep6_Tu1	3.003087692451099E-4	0.01	breast cancer
Ov9433_rep6_Dep6_Tu1	3.5746912689625773E-4	0.01	breast cancer
Ov9433_rep10_Dep6_Tu1	2.996137728685982E-4	0.01	colorectal cancer
Ov9433_rep7_Dep6_Tu5	5.728987505885324E-4	0.21	ovarian cancer
Ov9433_rep3_Dep6_Tu0.5	4.8559085743247695E-4	0.01	breast cancer
Ov9433_rep4_Dep6_Tu30	0.0019311670100311369	0.28	breast cancer
Ov9433_rep4_Dep6_Tu0.5	3.3243346341169414E-4	0.01	colorectal cancer
Ov9433_rep3_Dep6_Tu20	0.0012260747848625712	0.23	colorectal cancer
Ov9433_rep6_Dep6_Tu10	5.035765591880963E-4	0.17	colorectal cancer
Ov9433_rep5_Dep6_Tu10	0.001230006196495359	0.25	ovarian cancer
Ov9433_rep8_Dep6_Tu10	7.212194103829689E-4	0.09	breast cancer
Ov9433_rep7_Dep6_Tu2	2.71027398298359E-4	0.01	colorectal cancer
Ov9433_rep10_Dep6_Tu2	5.872708716225865E-4	0.15	ovarian cancer
Ov9433_rep7_Dep6_Tu30	0.0014747627928279286	0.23	breast cancer
Ov9433_rep1_Dep6_Tu0.1	2.9242496933012507E-4	0.01	breast cancer
Ov9433_rep8_Dep6_Tu20	0.0011587304270340498	0.34	ovarian cancer
Ov9433_rep10_Dep6_Tu0.1	3.2505197105202826E-4	0.01	breast cancer
Ov9433_rep7_Dep6_Tu10	9.908375525572019E-4	0.14	breast cancer
Ov9433_rep10_Dep6_Tu50	0.0018179302218011095	0.41	breast cancer
Ov9433_rep2_Dep6_Tu0.1	3.4432386968820573E-4	0.01	breast cancer
Ov9433_rep10_Dep6_Tu10	7.688317115614704E-4	0.21	ovarian cancer
Ov9433_rep10_Dep6_Tu20	0.0012984085562193842	0.34	ovarian cancer
